t_sec,security,action,trader_1,trader_2,price,qty
11,1,Sell,T-032,T-003,1,1
17,1,Sell,T-005,T-006,2,1
24,1,Buy,T-012,T-020,10,10
26,1,Sell,T-023,T-003,5,10
30,1,Buy,T-038,T-024,23,3
31,1,Buy,T-005,T-024,23,2
34,1,Sell,T-030,T-019,23,3
36,1,Buy,T-019,T-032,25,5
37,1,Sell,T-012,T-019,23,2
42,1,Buy,T-019,T-012,20,13
44,1,Buy,T-001,T-022,20,1
45,1,Buy,T-030,T-032,25,5
49,1,Buy,T-019,T-030,60.8,6
56,1,Sell,T-002,T-030,60.8,1
56,1,Buy,T-030,T-002,50,6
57,1,Buy,T-030,T-002,50,3
57,1,Buy,T-030,T-002,50,3
63,1,Sell,T-006,T-040,15,2
65,1,Buy,T-034,T-022,20,1
69,1,Sell,T-036,T-038,49,3
70,1,Sell,T-012,T-019,30,1
70,1,Sell,T-012,T-034,20,9
74,1,Sell,T-001,T-019,30,5
76,1,Buy,T-001,T-036,40,5
77,1,Sell,T-003,T-019,30,15
77,1,Buy,T-001,T-036,40,2
78,1,Buy,T-001,T-006,49,2
78,1,Buy,T-001,T-006,49,1
80,1,Buy,T-002,T-012,25,10
81,1,Sell,T-035,T-020,20.01,5
82,1,Buy,T-030,T-038,30,3
82,1,Buy,T-030,T-006,49,1
82,1,Buy,T-030,T-006,49,1
82,1,Buy,T-030,T-002,50,1
85,1,Sell,T-035,T-034,25,5
86,1,Sell,T-024,T-034,25,5
86,1,Sell,T-024,T-020,20.01,5
86,1,Sell,T-024,T-034,20,10
86,1,Sell,T-024,T-033,20,5
86,1,Sell,T-024,T-004,20,5
86,1,Sell,T-024,T-036,20,10
86,1,Sell,T-024,T-011,18,10
86,1,Buy,T-030,T-006,49,1
86,1,Buy,T-030,T-006,49,1
86,1,Buy,T-030,T-002,50,4
87,1,Buy,T-019,T-002,50,2
87,1,Buy,T-019,T-018,50,18
89,1,Buy,T-019,T-022,30,1
89,1,Buy,T-019,T-006,49,1
89,1,Buy,T-019,T-018,50,12
89,1,Buy,T-019,T-032,50,6
92,1,Buy,T-019,T-032,50,4
93,1,Sell,T-031,T-019,50,1
93,1,Sell,T-040,T-019,50,15
98,1,Buy,T-032,T-010,30,1
98,1,Buy,T-032,T-022,30,1
98,1,Buy,T-032,T-038,30,3
98,1,Sell,T-011,T-036,20,10
100,1,Buy,T-032,T-011,20,5
103,1,Buy,T-020,T-036,40,10
105,1,Buy,T-032,T-029,30,5
111,1,Buy,T-032,T-023,28,5
112,1,Buy,T-030,T-004,30,5
114,1,Buy,T-032,T-006,29,1
115,1,Buy,T-032,T-033,30,5
115,1,Buy,T-032,T-036,30,5
115,1,Sell,T-007,T-006,29,1
118,1,Buy,T-002,T-007,29,9
118,1,Buy,T-002,T-036,30,1
120,1,Sell,T-025,T-034,25,5
123,1,Buy,T-006,T-022,26,1
123,1,Buy,T-006,T-022,26,1
123,1,Buy,T-040,T-022,26,8
125,1,Sell,T-030,T-006,29,1
125,1,Sell,T-030,T-006,29,1
125,1,Sell,T-030,T-034,25,5
125,1,Sell,T-030,T-038,25,1
129,1,Buy,T-028,T-036,30,1
131,1,Sell,T-036,T-006,29,1
131,1,Sell,T-036,T-006,29,1
131,1,Sell,T-036,T-006,29,1
131,1,Sell,T-030,T-012,27,8
139,1,Buy,T-029,T-007,28,10
140,1,Sell,T-001,T-012,27,2
140,1,Sell,T-001,T-004,26,5
140,1,Sell,T-001,T-004,26,3
142,1,Sell,T-023,T-004,26,2
143,1,Buy,T-001,T-036,29,7
143,1,Buy,T-001,T-005,29,3
144,1,Buy,T-006,T-005,29,1
147,1,Sell,T-037,T-019,25.01,5
147,1,Sell,T-023,T-038,25,2
147,1,Sell,T-023,T-019,25,3
149,1,Buy,T-020,T-034,28,5
149,1,Sell,T-040,T-019,25,2
150,1,Buy,T-001,T-034,28,5
150,1,Buy,T-001,T-034,28,5
151,1,Sell,T-023,T-019,25,2
153,1,Sell,T-023,T-019,25,2
156,1,Sell,T-023,T-019,25,1
156,1,Sell,T-023,T-019,25,1
159,1,Sell,T-023,T-019,25,4
161,1,Buy,T-001,T-012,26,10
162,1,Buy,T-001,T-035,27,5
162,1,Buy,T-001,T-007,27,5
165,1,Buy,T-001,T-007,27,5
166,1,Sell,T-023,T-012,26,4
168,1,Buy,T-001,T-027,27,5
168,1,Buy,T-001,T-034,28,5
169,1,Buy,T-001,T-034,28,10
169,1,Buy,T-001,T-034,28,10
172,1,Sell,T-034,T-012,26,6
173,1,Sell,T-029,T-034,26,10
174,1,Buy,T-037,T-034,26,4
174,1,Buy,T-037,T-034,26,6
175,1,Sell,T-035,T-019,25,5
175,1,Buy,T-002,T-034,26,4
175,1,Buy,T-002,T-034,26,6
176,1,Buy,T-023,T-034,26,4
176,1,Sell,T-038,T-019,25,5
176,1,Sell,T-038,T-004,25,5
179,1,Buy,T-002,T-034,26,10
179,1,Sell,T-040,T-038,25,2
180,1,Sell,T-001,T-006,25,1
180,1,Sell,T-001,T-006,25,1
180,1,Sell,T-001,T-006,25,1
180,1,Sell,T-001,T-006,25,1
180,1,Sell,T-001,T-004,25,6
180,1,Buy,T-023,T-034,26,5
181,1,Buy,T-019,T-034,26,5
181,1,Buy,T-019,T-039,26.99,5
184,1,Buy,T-019,T-021,27,10
186,1,Sell,T-030,T-003,25.9,1
186,1,Sell,T-030,T-011,25.5,3
186,1,Sell,T-018,T-003,26,1
188,1,Buy,T-014,T-021,27,10
189,1,Sell,T-001,T-012,27,10
191,1,Buy,T-015,T-025,28,5
191,1,Sell,T-001,T-019,26,10
192,1,Buy,T-014,T-012,27,10
195,1,Buy,T-014,T-007,29,10
197,1,Sell,T-014,T-005,26,5
198,1,Sell,T-029,T-011,25.5,2
198,1,Sell,T-029,T-006,25.1,1
198,1,Sell,T-029,T-006,25.1,1
198,1,Sell,T-029,T-006,25.1,1
198,1,Sell,T-029,T-006,25.1,1
198,1,Sell,T-029,T-006,25.1,1
198,1,Sell,T-029,T-006,25.1,1
198,1,Sell,T-029,T-006,25.1,1
198,1,Sell,T-029,T-006,25.1,1
199,1,Sell,T-001,T-006,25,1
199,1,Buy,T-020,T-002,28,25
200,1,Sell,T-001,T-006,25,1
200,1,Sell,T-014,T-006,25,1
200,1,Sell,T-001,T-006,25,1
202,1,Buy,T-036,T-023,27,10
207,1,Sell,T-030,T-006,25,1
207,1,Sell,T-030,T-010,25,3
208,1,Sell,T-014,T-030,25,9
208,1,Sell,T-001,T-030,25,9
208,1,Sell,T-001,T-010,25,1
209,1,Buy,T-014,T-011,26,5
211,1,Sell,T-040,T-010,25,6
212,1,Sell,T-018,T-037,25,10
213,1,Sell,T-001,T-021,26,10
215,1,Sell,T-032,T-002,26,15
217,1,Buy,T-032,T-033,27,5
217,1,Buy,T-032,T-012,27,10
217,1,Buy,T-018,T-034,28,10
221,1,Buy,T-018,T-037,28,10
225,1,Buy,T-018,T-037,28,5
225,1,Buy,T-018,T-010,28,5
232,1,Sell,T-018,T-031,26,10
232,1,Sell,T-019,T-035,26,10
233,1,Sell,T-018,T-021,26,10
238,1,Sell,T-018,T-006,25,1
238,1,Sell,T-018,T-006,25,1
238,1,Sell,T-018,T-036,25,8
244,1,Buy,T-030,T-012,27,10
244,1,Buy,T-018,T-030,27,10
245,1,Sell,T-019,T-030,27,10
246,1,Sell,T-020,T-029,26,1
247,1,Sell,T-018,T-029,26,9
247,1,Sell,T-018,T-033,26,1
249,1,Buy,T-040,T-030,27,10
250,1,Buy,T-018,T-019,27,10
252,1,Buy,T-018,T-019,27,10
252,1,Buy,T-022,T-019,27,10
254,1,Sell,T-018,T-033,26,9
254,1,Sell,T-018,T-036,26,1
255,1,Sell,T-018,T-036,26,9
255,1,Sell,T-018,T-031,26,1
255,1,Buy,T-008,T-019,27,10
256,1,Sell,T-018,T-031,26,9
256,1,Sell,T-018,T-021,26,1
258,1,Sell,T-036,T-021,26,9
258,1,Sell,T-036,T-037,26,1
258,1,Buy,T-018,T-012,27,10
259,1,Buy,T-018,T-010,28,10
261,1,Buy,T-018,T-002,28,10
261,1,Buy,T-014,T-002,28,5
261,1,Buy,T-014,T-004,28,10
263,1,Buy,T-018,T-006,28,1
263,1,Buy,T-018,T-006,28,1
263,1,Buy,T-018,T-006,28,1
263,1,Buy,T-018,T-006,28,1
263,1,Buy,T-018,T-006,28,1
263,1,Buy,T-018,T-006,28,1
263,1,Buy,T-018,T-006,28,4
263,1,Sell,T-001,T-008,27,1
264,1,Buy,T-018,T-006,28,1
264,1,Buy,T-018,T-006,28,5
264,1,Buy,T-018,T-006,28,4
264,1,Buy,T-014,T-006,28,1
264,1,Sell,T-001,T-008,27,1
265,1,Buy,T-026,T-006,28,1
265,1,Buy,T-014,T-006,28,4
266,1,Buy,T-014,T-025,28,5
267,1,Buy,T-014,T-032,27.99,5
267,1,Buy,T-014,T-032,27.99,10
267,1,Sell,T-001,T-008,27,1
268,1,Sell,T-035,T-008,27,7
268,1,Sell,T-035,T-039,27,3
268,1,Buy,T-014,T-006,28,5
268,1,Sell,T-018,T-039,27,2
269,1,Sell,T-018,T-037,26,4
269,1,Sell,T-018,T-037,26,5
269,1,Buy,T-014,T-006,28,5
270,1,Buy,T-014,T-006,28,5
271,1,Buy,T-014,T-037,28,10
272,1,Buy,T-014,T-029,28,20
274,1,Buy,T-038,T-036,27,3
276,1,Buy,T-014,T-036,27,7
276,1,Buy,T-014,T-036,29,10
278,1,Sell,T-014,T-006,27,3
278,1,Sell,T-018,T-006,27,2
280,1,Sell,T-010,T-038,27,3
280,1,Sell,T-010,T-006,27,5
280,1,Buy,T-014,T-022,28,10
281,1,Buy,T-014,T-036,28,10
282,1,Sell,T-018,T-038,27,3
283,1,Sell,T-014,T-037,26,15
283,1,Sell,T-014,T-012,27,20
284,1,Sell,T-014,T-005,27,10
286,1,Sell,T-018,T-036,27,10
288,1,Sell,T-014,T-006,27,5
288,1,Sell,T-014,T-038,27,3
288,1,Sell,T-014,T-004,27,2
289,1,Sell,T-014,T-004,27,18
292,1,Sell,T-018,T-006,27,5
292,1,Sell,T-018,T-024,27,5
293,1,Sell,T-014,T-029,27,25
294,1,Sell,T-040,T-024,26.5,5
295,1,Sell,T-018,T-024,27,5
295,1,Sell,T-018,T-029,26,10
296,1,Buy,T-014,T-039,28,10
296,1,Buy,T-014,T-004,29,10
299,1,Sell,T-014,T-023,27,5
299,1,Sell,T-003,T-006,27,1
301,1,Sell,T-014,T-006,27,4
302,1,Sell,T-014,T-013,27,10
303,1,Sell,T-014,T-011,27,10
305,1,Buy,T-014,T-026,27,10
307,1,Sell,T-014,T-034,27,10
307,1,Sell,T-014,T-036,27,10
307,1,Sell,T-030,T-029,26,10
307,1,Sell,T-030,T-002,26,15
308,1,Buy,T-033,T-030,26,10
309,1,Buy,T-018,T-030,26,10
310,1,Buy,T-010,T-030,26,35
311,1,Sell,T-001,T-031,27,3
312,1,Sell,T-011,T-031,27,7
313,1,Buy,T-032,T-011,26,3
314,1,Sell,T-001,T-039,27,3
314,1,Sell,T-001,T-039,27,3
314,1,Sell,T-001,T-039,27,4
315,1,Buy,T-014,T-022,28.5,6
315,1,Buy,T-014,T-005,29,5
315,1,Buy,T-014,T-021,29,1
316,1,Buy,T-014,T-021,29,9
318,1,Buy,T-014,T-012,28,15
318,1,Sell,T-032,T-034,27,10
318,1,Buy,T-014,T-002,28,30
319,1,Buy,T-014,T-037,29,15
319,1,Buy,T-018,T-012,29,10
320,1,Buy,T-014,T-012,29,5
322,1,Buy,T-014,T-034,28,10
323,1,Sell,T-001,T-036,27,10
323,1,Sell,T-001,T-024,26.2,5
323,1,Sell,T-001,T-024,26.2,5
325,1,Buy,T-014,T-036,28,10
328,1,Buy,T-001,T-036,28,10
328,1,Buy,T-014,T-039,28,10
331,1,Buy,T-014,T-031,28,10
332,1,Buy,T-014,T-029,29,50
334,1,Sell,T-014,T-013,27,10
335,1,Sell,T-014,T-021,26,10
336,1,Buy,T-014,T-019,28,10
337,1,Buy,T-014,T-004,29,20
338,1,Buy,T-014,T-011,28,35
338,1,Buy,T-040,T-031,28,5
338,1,Buy,T-014,T-031,28,5
340,1,Buy,T-014,T-025,29,5
342,1,Sell,T-014,T-013,27,13
342,1,Sell,T-014,T-022,27,13
342,1,Sell,T-014,T-022,27,2
342,1,Sell,T-014,T-036,27,10
344,1,Sell,T-014,T-007,27.1,20
345,1,Buy,T-014,T-024,28,5
346,1,Buy,T-014,T-036,28,10
347,1,Buy,T-014,T-029,28,30
347,1,Buy,T-014,T-019,29,10
348,1,Buy,T-014,T-019,29,10
348,1,Buy,T-014,T-033,29,10
349,1,Buy,T-014,T-022,28,10
349,1,Buy,T-014,T-022,28,5
349,1,Buy,T-014,T-019,29,5
349,1,Buy,T-014,T-019,29,5
350,1,Buy,T-014,T-019,29,5
350,1,Buy,T-014,T-019,29,5
350,1,Buy,T-014,T-019,29,10
350,1,Buy,T-014,T-019,29,10
351,1,Sell,T-028,T-006,27,5
351,1,Sell,T-028,T-006,27,5
351,1,Sell,T-014,T-006,27,5
352,1,Buy,T-013,T-036,28,10
352,1,Sell,T-005,T-013,28,7
352,1,Sell,T-014,T-013,28,3
352,1,Sell,T-014,T-004,27,7
355,1,Buy,T-014,T-036,28,10
355,1,Buy,T-014,T-015,28,10
355,1,Sell,T-040,T-004,27,3
356,1,Buy,T-014,T-031,28,5
356,1,Buy,T-014,T-019,29,5
357,1,Buy,T-014,T-036,28,10
358,1,Buy,T-014,T-008,28.5,5
358,1,Buy,T-014,T-008,28.5,5
358,1,Buy,T-014,T-008,28.5,5
358,1,Buy,T-014,T-008,28.5,5
358,1,Buy,T-014,T-019,29,5
358,1,Buy,T-014,T-019,29,5
358,1,Buy,T-014,T-019,29,5
358,1,Buy,T-014,T-019,29,10
359,1,Buy,T-014,T-019,29,10
359,1,Buy,T-014,T-019,29,10
359,1,Buy,T-014,T-019,29,10
359,1,Buy,T-014,T-019,29,10
360,1,Buy,T-014,T-019,29,10
361,1,Buy,T-014,T-019,29,10
361,1,Buy,T-014,T-007,28.5,10
361,1,Buy,T-014,T-007,28.5,10
361,1,Buy,T-014,T-019,29,10
361,1,Buy,T-014,T-019,29,10
361,1,Buy,T-014,T-019,29,10
362,1,Buy,T-014,T-019,29,10
363,1,Buy,T-014,T-019,29,10
363,1,Buy,T-014,T-021,28,10
363,1,Buy,T-014,T-019,29,10
363,1,Buy,T-014,T-019,29,10
363,1,Buy,T-014,T-019,29,10
364,1,Sell,T-014,T-010,27.01,100
365,1,Sell,T-014,T-022,27,15
365,1,Sell,T-014,T-034,27,10
365,1,Sell,T-014,T-011,27,5
365,1,Sell,T-014,T-034,27,10
365,1,Sell,T-014,T-024,27,10
365,1,Sell,T-014,T-012,27,20
365,1,Sell,T-014,T-022,27,15
368,1,Sell,T-014,T-036,27,10
369,1,Sell,T-014,T-036,27,10
370,1,Buy,T-014,T-020,27,10
371,1,Buy,T-014,T-022,28,15
371,1,Buy,T-014,T-022,28,15
371,1,Buy,T-014,T-033,29,10
371,1,Buy,T-014,T-001,29,10
372,1,Sell,T-014,T-039,27,10
374,1,Buy,T-014,T-023,28,5
375,1,Buy,T-014,T-012,28,5
375,1,Buy,T-014,T-012,28,5
375,1,Buy,T-014,T-012,28,10
375,1,Buy,T-014,T-036,28,10
376,1,Buy,T-014,T-036,28,10
377,1,Sell,T-014,T-029,27,20
377,1,Sell,T-014,T-029,27,10
383,1,Sell,T-014,T-036,27,10
383,1,Sell,T-014,T-022,27,10
383,1,Sell,T-014,T-022,27,5
383,1,Sell,T-014,T-036,27,5
383,1,Sell,T-014,T-036,27,5
384,1,Sell,T-014,T-013,27,2
384,1,Sell,T-014,T-022,27,2
386,1,Sell,T-014,T-022,27,13
386,1,Sell,T-014,T-036,27,10
386,1,Sell,T-014,T-036,27,10
387,1,Buy,T-013,T-020,27,2
388,1,Buy,T-012,T-020,27,28
388,1,Sell,T-014,T-012,27,12
388,1,Sell,T-014,T-013,27,2
390,1,Buy,T-014,T-022,28,15
390,1,Buy,T-014,T-022,28,15
390,1,Buy,T-014,T-036,28,10
390,1,Buy,T-014,T-036,28,5
390,1,Buy,T-014,T-036,28,5
390,1,Buy,T-014,T-036,28,10
390,1,Buy,T-014,T-036,28,10
391,1,Buy,T-014,T-024,28.7,15
391,1,Buy,T-014,T-032,28.99,1
391,1,Buy,T-014,T-032,28.99,1
391,1,Buy,T-014,T-001,29,2
391,1,Buy,T-014,T-007,29,11
391,1,Buy,T-014,T-026,28,5
391,1,Buy,T-014,T-007,29,9
391,1,Buy,T-014,T-006,29,1
391,1,Buy,T-014,T-006,29,1
396,1,Sell,T-014,T-022,27,15
397,1,Buy,T-014,T-039,28,10
397,1,Buy,T-014,T-006,29,3
397,1,Buy,T-014,T-006,29,3
399,1,Sell,T-014,T-011,28,20
399,1,Sell,T-014,T-022,27,15
403,1,Buy,T-014,T-013,28,20
404,1,Sell,T-014,T-036,27,10
404,1,Sell,T-014,T-036,27,10
407,1,Buy,T-015,T-037,28,20
407,1,Sell,T-014,T-039,27,10
410,1,Sell,T-014,T-005,27,20
410,1,Sell,T-014,T-002,27,20
410,1,Sell,T-014,T-002,27,10
411,1,Sell,T-011,T-012,26.75,20
411,1,Sell,T-011,T-007,26.1,7
411,1,Sell,T-014,T-007,26.1,23
411,1,Sell,T-014,T-011,26,20
411,1,Sell,T-014,T-037,26,3
411,1,Sell,T-014,T-036,27,10
411,1,Sell,T-014,T-037,26,10
411,1,Sell,T-014,T-036,27,2
412,1,Sell,T-014,T-036,27,8
413,1,Buy,T-013,T-022,28,15
413,1,Buy,T-013,T-022,28,5
413,1,Buy,T-014,T-022,28,10
413,1,Buy,T-014,T-031,28,5
413,1,Buy,T-013,T-031,28,5
413,1,Buy,T-014,T-006,29,2
413,1,Buy,T-014,T-006,29,2
413,1,Sell,T-031,T-013,28,10
413,1,Buy,T-014,T-006,29,3
413,1,Buy,T-014,T-006,29,2
413,1,Buy,T-014,T-006,29,3
413,1,Buy,T-014,T-006,29,2
413,1,Buy,T-014,T-006,29,3
414,1,Buy,T-014,T-006,29,3
414,1,Buy,T-010,T-006,29,2
414,1,Buy,T-010,T-006,29,3
414,1,Buy,T-010,T-006,29,2
415,1,Sell,T-014,T-013,28,5
415,1,Sell,T-014,T-037,27,20
415,1,Sell,T-014,T-036,27,10
415,1,Buy,T-010,T-006,29,5
415,1,Sell,T-014,T-037,26,2
416,1,Sell,T-014,T-036,26,2
416,1,Sell,T-014,T-036,26,8
416,1,Sell,T-014,T-021,26,2
416,1,Sell,T-014,T-021,26,8
416,1,Sell,T-014,T-036,26,2
416,1,Sell,T-014,T-036,26,8
416,1,Buy,T-022,T-036,27,10
417,1,Buy,T-014,T-039,28,10
417,1,Buy,T-014,T-036,29,10
418,1,Buy,T-014,T-036,29,10
418,1,Buy,T-014,T-012,29,10
418,1,Buy,T-014,T-012,29,5
418,1,Buy,T-014,T-002,29,5
418,1,Buy,T-014,T-002,29,5
418,1,Sell,T-015,T-022,27,5
419,1,Sell,T-014,T-033,26,10
419,1,Sell,T-014,T-033,26,10
419,1,Sell,T-014,T-033,26,10
419,1,Sell,T-014,T-004,26,10
419,1,Buy,T-033,T-015,27,15
420,1,Buy,T-014,T-037,28,20
420,1,Buy,T-014,T-010,28.99,80
420,1,Buy,T-014,T-010,28.99,20
420,1,Buy,T-014,T-002,29,20
420,1,Buy,T-014,T-012,29,15
421,1,Sell,T-014,T-033,27,5
421,1,Sell,T-014,T-022,27,5
421,1,Sell,T-014,T-022,27,5
422,1,Sell,T-014,T-022,27,5
422,1,Sell,T-014,T-006,26,5
422,1,Sell,T-014,T-006,26,5
422,1,Sell,T-014,T-006,26,5
422,1,Sell,T-015,T-023,27,10
423,1,Buy,T-014,T-015,27,10
424,1,Buy,T-014,T-036,28,10
424,1,Buy,T-014,T-036,28,10
424,1,Buy,T-014,T-034,27,10
425,1,Buy,T-014,T-036,28,10
425,1,Buy,T-014,T-022,28,10
425,1,Buy,T-014,T-022,28,5
425,1,Buy,T-014,T-022,28,5
425,1,Sell,T-018,T-023,26,5
425,1,Buy,T-014,T-022,28,10
426,1,Buy,T-014,T-013,28,20
426,1,Buy,T-014,T-013,28,20
426,1,Buy,T-014,T-013,28,20
427,1,Buy,T-014,T-013,28,20
427,1,Buy,T-010,T-036,29,10
428,1,Buy,T-014,T-034,27,10
428,1,Buy,T-014,T-008,28,20
428,1,Buy,T-014,T-008,28,10
430,1,Sell,T-038,T-022,27,3
431,1,Buy,T-010,T-008,28,30
431,1,Sell,T-014,T-022,27,12
431,1,Sell,T-014,T-039,27,10
431,1,Sell,T-014,T-022,27,2
431,1,Sell,T-014,T-022,27,10
431,1,Sell,T-014,T-022,27,3
432,1,Sell,T-014,T-007,26.1,30
433,1,Sell,T-018,T-019,27,5
435,1,Sell,T-014,T-019,27,65
435,1,Sell,T-014,T-019,27,65
435,1,Sell,T-014,T-019,27,5
435,1,Sell,T-014,T-019,27,60
435,1,Sell,T-014,T-019,27,10
435,1,Sell,T-014,T-019,27,60
435,1,Sell,T-014,T-019,27,10
435,1,Sell,T-014,T-019,27,60
436,1,Sell,T-014,T-019,27,10
436,1,Sell,T-014,T-019,27,10
436,1,Buy,T-001,T-022,28,15
436,1,Buy,T-001,T-036,29,5
436,1,Sell,T-014,T-019,27,10
436,1,Sell,T-014,T-019,27,10
436,1,Sell,T-014,T-019,27,40
436,1,Sell,T-014,T-037,27,10
437,1,Sell,T-014,T-023,26,5
437,1,Sell,T-014,T-006,26,5
438,1,Buy,T-014,T-022,28,15
439,1,Buy,T-014,T-039,28,10
439,1,Sell,T-032,T-019,27,10
439,1,Sell,T-032,T-019,27,10
440,1,Sell,T-014,T-019,27,50
440,1,Sell,T-014,T-019,27,50
440,1,Sell,T-014,T-019,27,20
442,1,Buy,T-001,T-007,28.9,20
445,1,Buy,T-018,T-007,28.9,5
445,1,Buy,T-018,T-007,28.9,5
446,1,Buy,T-018,T-007,28.9,5
446,1,Buy,T-018,T-007,28.9,5
447,1,Buy,T-018,T-007,28.9,5
447,1,Buy,T-018,T-007,28.9,5
447,1,Buy,T-018,T-007,28.9,5
448,1,Buy,T-018,T-007,28.9,5
448,1,Buy,T-018,T-036,29,5
448,1,Buy,T-040,T-036,29,5
448,1,Buy,T-018,T-036,29,5
448,1,Buy,T-014,T-029,29,5
448,1,Buy,T-014,T-029,29,5
448,1,Buy,T-014,T-029,29,20
448,1,Buy,T-014,T-005,29,5
449,1,Buy,T-014,T-005,29,25
449,1,Sell,T-018,T-001,28,5
449,1,Buy,T-014,T-012,29,15
449,1,Sell,T-018,T-001,28,5
449,1,Buy,T-014,T-015,29,15
449,1,Sell,T-010,T-001,28,10
449,1,Buy,T-014,T-015,29,5
449,1,Buy,T-014,T-033,29,15
449,1,Buy,T-014,T-033,29,5
449,1,Buy,T-014,T-037,29,15
450,1,Buy,T-014,T-019,30,5
450,1,Sell,T-018,T-032,28,5
450,1,Sell,T-010,T-032,28,20
450,1,Sell,T-010,T-039,28,5
450,1,Buy,T-014,T-019,30,5
450,1,Sell,T-018,T-039,28,5
451,1,Sell,T-018,T-019,27,5
452,1,Sell,T-018,T-036,28,5
452,1,Sell,T-018,T-036,28,5
452,1,Sell,T-018,T-019,27,5
452,1,Sell,T-018,T-019,27,5
452,1,Sell,T-018,T-019,27,5
453,1,Sell,T-014,T-019,27,50
453,1,Sell,T-014,T-019,27,10
453,1,Sell,T-018,T-019,27,5
453,1,Sell,T-014,T-019,27,50
453,1,Sell,T-014,T-019,27,5
453,1,Sell,T-014,T-019,27,5
453,1,Sell,T-014,T-019,27,5
454,1,Sell,T-018,T-019,27,5
455,1,Sell,T-018,T-019,27,5
455,1,Sell,T-032,T-019,27,25
457,1,Buy,T-014,T-021,29,20
457,1,Buy,T-014,T-024,29.5,10
458,1,Buy,T-014,T-019,30,5
458,1,Buy,T-014,T-019,30,5
458,1,Buy,T-014,T-019,30,5
458,1,Buy,T-014,T-019,30,5
458,1,Buy,T-014,T-019,30,5
458,1,Buy,T-014,T-025,30,5
459,1,Buy,T-036,T-001,28,10
459,1,Sell,T-014,T-019,27,25
459,1,Sell,T-014,T-036,27,10
459,1,Sell,T-014,T-019,27,15
459,1,Sell,T-014,T-019,27,10
460,1,Sell,T-014,T-019,27,10
461,1,Buy,T-014,T-001,28,10
461,1,Buy,T-014,T-001,28,10
461,1,Sell,T-032,T-019,27,25
461,1,Buy,T-018,T-001,28,10
461,1,Buy,T-014,T-006,28,5
462,1,Buy,T-014,T-011,29,15
462,1,Buy,T-018,T-025,30,10
462,1,Buy,T-014,T-004,30,10
462,1,Buy,T-014,T-004,30,10
462,1,Buy,T-014,T-038,30,3
462,1,Buy,T-014,T-011,30,7
463,1,Sell,T-040,T-019,27,10
463,1,Buy,T-031,T-039,29,10
463,1,Sell,T-014,T-031,29,10
463,1,Sell,T-014,T-031,29,10
463,1,Sell,T-014,T-031,29,25
465,1,Buy,T-031,T-001,28,20
465,1,Buy,T-031,T-001,28,20
465,1,Buy,T-014,T-019,30,500
465,1,Buy,T-014,T-019,30,500
465,1,Sell,T-018,T-031,29,10
465,1,Buy,T-014,T-019,30,500
466,1,Sell,T-018,T-031,29,5
466,1,Buy,T-014,T-019,30,500
466,1,Buy,T-014,T-019,30,500
466,1,Buy,T-014,T-019,30,500
466,1,Buy,T-014,T-019,30,500
467,1,Buy,T-014,T-019,30,500
467,1,Buy,T-014,T-019,30,500
467,1,Buy,T-014,T-019,30,500
467,1,Buy,T-014,T-019,30,500
467,1,Buy,T-014,T-019,30,500
467,1,Buy,T-014,T-019,30,500
468,1,Buy,T-014,T-033,30,5
468,1,Sell,T-010,T-031,29,55
468,1,Buy,T-014,T-003,32,1
470,1,Sell,T-014,T-022,29,15
470,1,Sell,T-014,T-006,28,5
470,1,Sell,T-014,T-006,28,15
471,1,Sell,T-014,T-007,27.1,30
471,1,Sell,T-018,T-019,27,8
471,1,Sell,T-014,T-019,27,30
471,1,Sell,T-014,T-006,28,20
471,1,Sell,T-014,T-019,27,32
471,1,Sell,T-014,T-019,27,18
471,1,Sell,T-014,T-006,28,20
471,1,Sell,T-014,T-019,27,42
472,1,Sell,T-014,T-019,27,10
472,1,Sell,T-014,T-019,27,10
472,1,Sell,T-014,T-019,27,10
472,1,Sell,T-014,T-019,27,10
472,1,Sell,T-014,T-019,27,40
472,1,Sell,T-014,T-019,27,20
472,1,Sell,T-014,T-019,27,40
473,1,Sell,T-014,T-019,27,10
473,1,Sell,T-014,T-019,27,30
473,1,Sell,T-014,T-019,27,10
473,1,Sell,T-014,T-019,27,10
473,1,Sell,T-014,T-019,27,20
473,1,Sell,T-014,T-019,27,20
473,1,Sell,T-014,T-019,27,30
473,1,Sell,T-014,T-019,27,20
473,1,Sell,T-014,T-006,28,20
474,1,Sell,T-014,T-039,28,10
474,1,Sell,T-014,T-006,28,10
474,1,Sell,T-014,T-006,28,10
474,1,Sell,T-014,T-021,27,10
474,1,Sell,T-014,T-006,28,10
474,1,Sell,T-014,T-006,28,10
474,1,Sell,T-014,T-013,28,20
474,1,Sell,T-014,T-021,27,10
475,1,Sell,T-014,T-002,27,10
475,1,Sell,T-014,T-002,27,10
475,1,Sell,T-014,T-002,27,20
475,1,Sell,T-014,T-034,27,10
475,1,Sell,T-014,T-034,27,10
475,1,Sell,T-014,T-034,27,10
475,1,Sell,T-014,T-022,27,10
475,1,Buy,T-027,T-022,30,10
475,1,Sell,T-014,T-022,27,5
475,1,Sell,T-014,T-026,27,15
475,1,Sell,T-014,T-036,27,10
475,1,Sell,T-014,T-029,27,10
475,1,Buy,T-032,T-022,30,1
476,1,Sell,T-014,T-029,27,10
476,1,Sell,T-014,T-029,27,10
476,1,Sell,T-014,T-029,27,20
476,1,Sell,T-014,T-015,27,20
476,1,Sell,T-014,T-015,27,10
476,1,Sell,T-014,T-001,27,20
476,1,Sell,T-014,T-012,27,10
476,1,Sell,T-014,T-024,27.2,20
476,1,Sell,T-014,T-024,27.2,5
476,1,Sell,T-014,T-012,27,15
476,1,Sell,T-014,T-012,27,5
476,1,Sell,T-014,T-001,27,15
476,1,Sell,T-014,T-001,27,5
476,1,Sell,T-014,T-015,27,15
477,1,Sell,T-014,T-015,27,15
477,1,Sell,T-014,T-011,27,10
477,1,Sell,T-014,T-011,27,5
477,1,Sell,T-014,T-011,27,5
477,1,Sell,T-014,T-006,28,5
477,1,Sell,T-014,T-006,28,15
477,1,Buy,T-032,T-022,30,1
477,1,Sell,T-014,T-006,28,20
477,1,Sell,T-014,T-006,28,20
478,1,Sell,T-014,T-031,27.01,55
478,1,Sell,T-014,T-037,27,50
478,1,Sell,T-014,T-001,27,20
479,1,Sell,T-014,T-001,27,5
479,1,Sell,T-014,T-001,27,5
479,1,Sell,T-014,T-001,27,5
479,1,Sell,T-014,T-001,27,5
479,1,Sell,T-014,T-001,27,10
479,1,Sell,T-014,T-001,27,10
479,1,Sell,T-014,T-001,27,5
480,1,Buy,T-032,T-023,29,10
480,1,Sell,T-014,T-006,28,15
480,1,Sell,T-014,T-006,28,5
480,1,Sell,T-014,T-001,27,10
481,1,Sell,T-014,T-001,27,5
481,1,Sell,T-014,T-001,27,5
481,1,Sell,T-014,T-001,27,5
481,1,Sell,T-014,T-001,27,10
482,1,Sell,T-014,T-006,26,5
482,1,Sell,T-014,T-006,26,5
482,1,Sell,T-014,T-021,26,5
482,1,Sell,T-014,T-021,26,5
484,1,Buy,T-014,T-039,29,10
484,1,Buy,T-014,T-001,29,10
484,1,Buy,T-014,T-001,29,10
484,1,Buy,T-032,T-001,29,10
484,1,Buy,T-014,T-001,29,10
484,1,Buy,T-014,T-001,29,20
484,1,Buy,T-014,T-001,29,10
485,1,Buy,T-014,T-001,29,10
485,1,Buy,T-014,T-022,30,3
485,1,Buy,T-040,T-029,30,4
487,1,Sell,T-014,T-024,27.2,25
487,1,Sell,T-014,T-033,27,25
487,1,Sell,T-014,T-033,27,25
487,1,Buy,T-034,T-022,29.5,15
487,1,Buy,T-034,T-029,30,46
487,1,Buy,T-034,T-036,30,10
487,1,Buy,T-034,T-037,30,29
487,1,Sell,T-014,T-033,27,50
491,1,Buy,T-032,T-038,29,3
493,1,Buy,T-032,T-001,29,20
494,1,Buy,T-032,T-001,29,20
499,1,Buy,T-034,T-023,29,10
500,1,Sell,T-015,T-034,29,10
500,1,Sell,T-026,T-034,29,15
501,1,Sell,T-032,T-034,29,65
502,1,Sell,T-014,T-028,29,10
502,1,Sell,T-011,T-028,29,10
502,1,Sell,T-011,T-039,28,10
503,1,Sell,T-014,T-036,28,10
504,1,Sell,T-014,T-004,28,10
505,1,Sell,T-014,T-036,28,10
505,1,Buy,T-018,T-037,30,10
506,1,Buy,T-018,T-037,30,1
506,1,Buy,T-018,T-002,30,9
507,1,Sell,T-014,T-019,28,500
508,1,Buy,T-018,T-036,29,10
508,1,Sell,T-038,T-019,27,3
508,1,Buy,T-018,T-036,29,10
509,1,Sell,T-014,T-019,28,500
509,1,Buy,T-018,T-002,30,10
509,1,Sell,T-014,T-019,28,500
510,1,Sell,T-014,T-019,28,500
513,1,Buy,T-020,T-039,29,10
518,1,Buy,T-018,T-002,30,10
520,1,Sell,T-032,T-036,28,1
521,1,Sell,T-018,T-036,28,9
521,1,Sell,T-018,T-004,28,1
522,1,Sell,T-018,T-004,28,9
522,1,Sell,T-018,T-036,28,1
523,1,Sell,T-018,T-036,28,10
524,1,Sell,T-018,T-036,28,9
526,1,Sell,T-018,T-039,28,10
526,1,Sell,T-018,T-004,28,10
533,1,Sell,T-018,T-014,28,1
534,1,Buy,T-014,T-010,29,3
534,1,Buy,T-014,T-010,29,3
534,1,Buy,T-014,T-036,29,20
536,1,Buy,T-014,T-036,29,20
536,1,Buy,T-014,T-021,29,30
536,1,Buy,T-014,T-006,29,5
536,1,Buy,T-014,T-039,29,10
536,1,Buy,T-014,T-006,29,5
536,1,Buy,T-014,T-002,30,11
536,1,Buy,T-014,T-013,30,20
536,1,Buy,T-014,T-013,30,20
536,1,Buy,T-014,T-013,30,20
536,1,Buy,T-014,T-013,30,20
536,1,Buy,T-014,T-013,30,20
536,1,Buy,T-014,T-012,30,20
536,1,Buy,T-014,T-036,30,10
536,1,Buy,T-014,T-036,30,10
536,1,Buy,T-014,T-034,30,100
536,1,Buy,T-014,T-013,30,20
536,1,Buy,T-014,T-013,30,20
536,1,Buy,T-014,T-006,30,5
536,1,Buy,T-014,T-034,30,100
536,1,Buy,T-014,T-006,30,5
536,1,Buy,T-014,T-006,30,5
536,1,Buy,T-014,T-006,30,5
539,1,Buy,T-018,T-031,29,10
539,1,Buy,T-014,T-031,29,214
539,1,Buy,T-014,T-024,30.5,35
539,1,Buy,T-014,T-015,31,20
539,1,Buy,T-014,T-003,31,1
540,1,Buy,T-014,T-005,32,10
544,1,Sell,T-014,T-007,28.1,30
544,1,Sell,T-014,T-001,28,100
544,1,Sell,T-014,T-029,28,100
544,1,Sell,T-014,T-013,28.01,1000
546,1,Sell,T-015,T-014,28,45
552,1,Sell,T-018,T-022,29,10
553,1,Buy,T-003,T-033,30,3
554,1,Buy,T-032,T-033,30,97
555,1,Buy,T-040,T-001,30,100
556,1,Buy,T-018,T-006,30,5
556,1,Buy,T-018,T-012,31,5
556,1,Buy,T-018,T-012,31,10
557,1,Buy,T-018,T-012,31,5
557,1,Buy,T-018,T-038,31,3
557,1,Buy,T-018,T-026,31,2
557,1,Buy,T-018,T-026,31,10
557,1,Buy,T-018,T-006,30,5
558,1,Buy,T-018,T-006,30,5
558,1,Buy,T-018,T-006,30,5
558,1,Buy,T-018,T-006,30,5
560,1,Sell,T-032,T-022,29,5
560,1,Buy,T-014,T-006,30,5
560,1,Buy,T-014,T-006,30,5
560,1,Buy,T-014,T-026,31,3
560,1,Buy,T-014,T-007,31,60
561,1,Sell,T-040,T-029,29,100
562,1,Sell,T-018,T-039,29,10
563,1,Sell,T-018,T-019,29,10
563,1,Sell,T-018,T-019,29,10
563,1,Sell,T-018,T-019,29,10
563,1,Sell,T-018,T-019,29,10
564,1,Sell,T-018,T-019,29,10
567,1,Sell,T-032,T-011,30,5
567,1,Sell,T-032,T-005,30,5
568,1,Sell,T-032,T-005,30,15
568,1,Sell,T-032,T-031,30,15
570,1,Sell,T-011,T-031,30,5
572,1,Buy,T-018,T-011,32,10
572,1,Buy,T-018,T-011,32,6
572,1,Buy,T-018,T-020,32,4
572,1,Buy,T-018,T-020,32,10
573,1,Sell,T-032,T-031,30,41
575,1,Buy,T-018,T-039,31,10
577,1,Buy,T-018,T-022,30.5,10
577,1,Buy,T-018,T-022,30.5,5
579,1,Sell,T-018,T-031,30,10
579,1,Sell,T-018,T-031,30,10
579,1,Sell,T-018,T-031,30,10
580,1,Sell,T-018,T-031,30,10
581,1,Sell,T-032,T-031,30,11
581,1,Sell,T-018,T-031,30,10
581,1,Buy,T-002,T-020,32,6
581,1,Buy,T-002,T-006,32,5
581,1,Buy,T-002,T-006,32,5
581,1,Buy,T-002,T-023,32,10
581,1,Buy,T-002,T-006,32,5
581,1,Buy,T-002,T-006,32,5
581,1,Buy,T-002,T-006,32,5
581,1,Buy,T-002,T-006,32,5
581,1,Buy,T-002,T-006,32,5
581,1,Buy,T-002,T-006,32,5
581,1,Buy,T-002,T-006,32,5
581,1,Buy,T-002,T-029,32,200
585,1,Buy,T-028,T-003,33,1
585,1,Buy,T-028,T-006,33,5
585,1,Buy,T-028,T-006,33,5
585,1,Buy,T-028,T-006,33,5
585,1,Buy,T-028,T-006,33,5
585,1,Buy,T-028,T-006,33,5
585,1,Buy,T-028,T-006,33,5
590,1,Sell,T-006,T-002,32,5
591,1,Sell,T-006,T-002,32,5
591,1,Sell,T-006,T-002,32,5
597,1,Sell,T-033,T-002,32,20
600,1,Sell,T-031,T-022,32.5,15
600,1,Sell,T-031,T-002,32,107
602,1,Sell,T-006,T-002,32,5
603,1,Buy,T-032,T-004,33,10
606,1,Buy,T-018,T-004,33,10
606,1,Buy,T-018,T-004,33,10
606,1,Buy,T-018,T-004,33,10
606,1,Buy,T-018,T-004,33,10
606,1,Buy,T-018,T-004,33,10
607,1,Buy,T-015,T-004,33,10
607,1,Buy,T-015,T-025,33,10
607,1,Buy,T-015,T-004,33,10
607,1,Buy,T-015,T-013,33,20
607,1,Buy,T-018,T-013,33,10
607,1,Buy,T-030,T-013,33,70
607,1,Buy,T-030,T-013,33,10
607,1,Buy,T-018,T-013,33,10
607,1,Buy,T-018,T-013,33,10
608,1,Buy,T-018,T-013,33,10
608,1,Buy,T-018,T-013,33,10
608,1,Buy,T-018,T-013,33,10
610,1,Buy,T-010,T-013,33,40
611,1,Buy,T-040,T-013,33,100
612,1,Sell,T-018,T-002,32,10
612,1,Sell,T-018,T-002,32,10
612,1,Buy,T-040,T-002,33,276
612,1,Sell,T-018,T-002,32,10
612,1,Sell,T-018,T-002,32,10
612,1,Sell,T-018,T-002,32,10
613,1,Sell,T-018,T-002,32,10
613,1,Sell,T-018,T-002,32,10
613,1,Sell,T-018,T-002,32,10
613,1,Sell,T-018,T-002,32,10
613,1,Sell,T-018,T-002,32,10
614,1,Sell,T-015,T-002,32,50
614,1,Sell,T-018,T-002,32,10
616,1,Sell,T-038,T-002,32,3
618,1,Buy,T-010,T-037,33,10
623,1,Buy,T-018,T-038,33,3
623,1,Buy,T-018,T-027,33,7
623,1,Sell,T-030,T-001,32.5,80
623,1,Buy,T-018,T-027,33,3
623,1,Buy,T-018,T-015,33,7
623,1,Buy,T-018,T-015,33,10
623,1,Buy,T-018,T-015,33,10
623,1,Buy,T-018,T-015,33,10
623,1,Buy,T-018,T-015,33,10
623,1,Buy,T-018,T-015,33,3
623,1,Buy,T-018,T-013,33,7
623,1,Buy,T-018,T-013,33,10
624,1,Buy,T-018,T-013,33,10
624,1,Buy,T-018,T-013,33,10
624,1,Buy,T-018,T-013,33,10
624,1,Buy,T-018,T-013,33,10
624,1,Sell,T-014,T-001,32.5,920
624,1,Sell,T-014,T-002,32,1880
624,1,Buy,T-031,T-013,33,43
624,1,Buy,T-031,T-002,33,57
624,1,Buy,T-018,T-002,33,10
625,1,Sell,T-018,T-002,32,10
625,1,Sell,T-032,T-002,32,10
625,1,Sell,T-018,T-002,32,10
625,1,Sell,T-018,T-002,32,10
626,1,Sell,T-018,T-002,32,10
626,1,Sell,T-018,T-002,32,10
626,1,Sell,T-018,T-002,32,10
626,1,Sell,T-018,T-002,32,10
626,1,Sell,T-018,T-002,32,10
626,1,Sell,T-018,T-002,32,10
627,1,Sell,T-018,T-002,32,10
627,1,Sell,T-018,T-002,32,10
627,1,Sell,T-018,T-002,32,10
627,1,Sell,T-018,T-002,32,10
633,1,Buy,T-008,T-002,33,75
636,1,Buy,T-031,T-022,32.5,15
636,1,Buy,T-031,T-002,33,85
637,1,Buy,T-031,T-002,33,68
637,1,Buy,T-031,T-038,33,5
638,1,Buy,T-040,T-001,33.5,1000
640,1,Buy,T-014,T-038,34,3
640,1,Buy,T-014,T-038,34,3
640,1,Buy,T-014,T-003,34,2
640,1,Buy,T-014,T-003,34,2
640,1,Buy,T-014,T-006,34,5
640,1,Buy,T-014,T-006,34,5
640,1,Buy,T-014,T-006,34,5
640,1,Buy,T-014,T-006,34,5
640,1,Buy,T-014,T-003,34,2
640,1,Buy,T-014,T-006,34,5
640,1,Buy,T-014,T-030,34,80
640,1,Buy,T-014,T-005,34,10
640,1,Buy,T-014,T-006,34,5
640,1,Buy,T-014,T-006,34,5
640,1,Buy,T-014,T-006,34,5
640,1,Buy,T-014,T-006,34,5
640,1,Buy,T-014,T-003,34,2
640,1,Buy,T-014,T-003,34,2
640,1,Buy,T-014,T-006,34,5
640,1,Buy,T-014,T-006,34,5
640,1,Buy,T-014,T-006,34,5
640,1,Buy,T-014,T-006,34,5
640,1,Buy,T-014,T-006,34,5
640,1,Buy,T-014,T-006,34,5
646,1,Buy,T-014,T-008,34,75
646,1,Buy,T-014,T-025,35,10
646,1,Buy,T-014,T-024,35,5
646,1,Buy,T-014,T-031,35,100
646,1,Buy,T-014,T-002,35,2020
646,1,Buy,T-014,T-031,35,100
647,1,Buy,T-014,T-034,40,10
647,1,Buy,T-014,T-034,40,10
647,1,Buy,T-014,T-034,40,10
649,1,Sell,T-010,T-034,35,47
659,1,Sell,T-013,T-011,36,10
659,1,Sell,T-012,T-034,35,3
661,1,Buy,T-040,T-012,35,7
662,1,Buy,T-040,T-013,36,40
663,1,Buy,T-040,T-020,36,9
664,1,Buy,T-040,T-026,37,20
666,1,Sell,T-014,T-019,37,2000
668,1,Buy,T-032,T-034,37,50
668,1,Buy,T-032,T-005,39,10
669,1,Buy,T-032,T-023,40,10
673,1,Sell,T-014,T-034,35,50
673,1,Sell,T-014,T-002,35,50
675,1,Sell,T-014,T-015,36,50
676,1,Sell,T-014,T-034,37,50
683,1,Buy,T-011,T-033,38,10
684,1,Buy,T-015,T-033,38,10
685,1,Sell,T-014,T-015,38,40
685,1,Sell,T-014,T-005,36,40
686,1,Buy,T-034,T-003,39,2
686,1,Buy,T-034,T-013,40,50
686,1,Buy,T-034,T-031,40,48
688,1,Buy,T-037,T-011,38,1
689,1,Buy,T-001,T-011,38,9
689,1,Buy,T-002,T-031,40,25
689,1,Sell,T-014,T-002,40,20
697,1,Buy,T-032,T-039,41,10
699,1,Buy,T-032,T-024,42,10
699,1,Sell,T-037,T-002,40,1
699,1,Sell,T-001,T-002,40,9
700,1,Buy,T-032,T-024,45,5
706,1,Buy,T-015,T-032,45,70
713,1,Buy,T-034,ME,44.99,20
713,1,Buy,T-034,T-021,45,10
713,1,Buy,T-034,T-005,45,30
722,1,Sell,T-014,T-034,45,40
722,1,Sell,T-014,T-001,45,10
724,1,Buy,T-001,T-014,45,10
725,1,Buy,T-035,T-014,45,30
725,1,Buy,T-003,T-014,45,10
725,1,Buy,T-018,T-014,45,10
726,1,Buy,T-001,T-014,45,10
726,1,Buy,T-001,T-014,45,10
726,1,Buy,T-035,T-014,45,30
726,1,Buy,T-001,T-014,45,10
726,1,Buy,T-035,T-014,45,30
726,1,Buy,T-035,T-014,45,30
726,1,Buy,T-035,T-014,45,30
727,1,Buy,T-018,T-014,45,10
729,1,Sell,T-018,T-003,42,10
730,1,Buy,T-035,T-014,45,20
730,1,Sell,T-018,T-035,45,10
731,1,Buy,T-031,T-035,45,30
734,1,Buy,T-029,T-011,47,10
734,1,Buy,T-029,ME,47.99,10
737,1,Buy,T-032,ME,47.99,10
737,1,Buy,T-032,T-023,48,3
737,1,Buy,T-032,T-001,48,10
737,1,Buy,T-032,T-001,48,2
737,1,Buy,T-032,T-001,48,8
739,1,Buy,T-029,T-001,47,10
739,1,Buy,T-029,T-032,49,10
743,1,Buy,T-033,T-001,47,10
745,1,Sell,T-005,T-002,48,10
748,1,Buy,T-014,T-032,49,15
748,1,Buy,T-014,T-032,49,15
749,1,Buy,T-014,T-032,49,33
749,1,Buy,T-014,T-029,49,15
749,1,Buy,T-014,T-029,49,25
753,1,Buy,T-033,T-013,49.9,50
753,1,Buy,T-033,T-025,50,5
753,1,Buy,T-033,T-035,50,30
753,1,Buy,T-033,T-003,50,5
754,1,Buy,T-018,T-026,52,6
755,1,Buy,T-001,T-035,55,30
755,1,Buy,T-001,T-035,55,30
755,1,Buy,T-001,T-035,55,30
755,1,Buy,T-001,T-035,55,10
760,1,Buy,T-027,T-035,55,15
764,1,Sell,T-018,T-037,51,5
764,1,Sell,T-018,T-012,51,5
767,1,Buy,T-032,T-031,53,15
768,1,Buy,T-033,T-031,53,15
768,1,Buy,T-033,T-037,54,5
770,1,Sell,T-014,T-033,54,100
775,1,Buy,T-002,T-035,55,5
781,1,Buy,T-014,T-033,58,200
785,1,Buy,T-032,T-012,58,5
788,1,Buy,T-031,T-003,60,2
788,1,Buy,T-031,T-027,60,15
788,1,Buy,T-031,T-002,60,115
788,1,Buy,T-031,T-001,60,100
789,1,Buy,T-018,T-024,65,1
789,1,Sell,T-014,T-031,60,68
790,1,Sell,T-014,T-030,60,10
795,1,Sell,T-014,T-021,60,50
797,1,Buy,T-032,T-031,65,100
799,1,Buy,T-002,T-031,66,100
799,1,Buy,T-002,T-034,70,100
799,1,Buy,T-002,T-001,71,10
799,1,Buy,T-002,T-003,80,5
799,1,Buy,T-002,T-034,90,85
800,1,Sell,T-014,T-035,62,80
801,1,Buy,T-002,T-034,90,15
801,1,Buy,T-002,T-034,90,100
802,1,Sell,T-003,T-002,90,5
802,1,Sell,T-031,T-002,90,100
803,1,Sell,T-003,T-002,90,5
803,1,Sell,T-032,T-002,90,75
805,1,Buy,T-040,T-032,85,30
807,1,Sell,T-015,T-036,65,10
813,1,Sell,T-040,T-036,65,10
814,1,Sell,T-040,T-012,63,25
822,1,Buy,T-034,T-036,90,10
823,1,Sell,T-015,T-034,90,90
825,1,Sell,T-027,T-034,90,15
828,1,Buy,T-032,T-013,99,50
830,1,Buy,T-032,T-021,98,50
834,1,Buy,T-032,T-039,98,10
834,1,Sell,T-012,T-034,90,25
835,1,Buy,T-032,T-013,99,50
835,1,Buy,T-032,T-013,99,50
836,1,Buy,T-032,T-013,99,50
837,1,Sell,T-037,T-002,98,5
838,1,Buy,T-040,T-013,98.9,50
838,1,Buy,T-040,T-002,100,555
840,1,Buy,T-030,T-013,98.9,50
840,1,Buy,T-030,T-002,100,50
841,1,Buy,T-014,T-021,100,50
841,1,Buy,T-019,T-013,100,10
843,1,Buy,T-020,T-013,100,2
845,1,Buy,T-019,T-032,99.99,10
848,1,Buy,T-020,T-032,99.99,2
848,1,Buy,T-020,T-032,99.99,2
848,1,Buy,T-020,T-032,99.99,2
849,1,Sell,T-035,T-002,98,80
850,1,Buy,T-002,T-032,99.99,244
850,1,Buy,T-002,T-013,100,38
850,1,Buy,T-002,T-013,100,50
850,1,Buy,T-002,T-013,100,50
859,1,Sell,T-014,T-022,105,15
859,1,Sell,T-014,T-002,100,35
865,1,Buy,T-032,T-036,109,1
866,1,Buy,T-032,T-022,109,15
874,1,Buy,T-002,T-024,110,1
874,1,Buy,T-002,T-030,110,15
874,1,Buy,T-002,T-030,110,15
874,1,Buy,T-002,T-037,110,5
880,1,Buy,T-031,T-034,120,120
880,1,Buy,T-031,T-002,120,380
882,1,Buy,T-019,T-002,120,87
887,1,Buy,T-001,T-031,121,100
889,1,Buy,T-032,T-031,122,100
892,1,Buy,T-032,T-031,123,100
892,1,Buy,T-014,T-002,130,71
899,1,Buy,T-005,T-031,128,100
900,1,Sell,T-014,T-029,125,71
906,1,Buy,T-002,T-001,139,100
907,1,Buy,T-002,T-032,149,100
908,1,Buy,T-002,T-032,149,100
909,1,Buy,T-002,T-031,140,100
910,1,Buy,T-002,T-020,150,8
916,1,Buy,T-032,T-033,175,20
917,1,Buy,T-032,T-034,180,20
922,1,Buy,T-010,T-018,190,2
924,1,Buy,T-001,T-040,200,10
924,1,Buy,T-001,T-002,200,290
927,1,Buy,T-014,T-002,200,118
934,1,Sell,T-001,T-035,250,80
934,1,Sell,T-001,T-021,150,100
934,1,Sell,T-001,T-006,150,5
934,1,Sell,T-001,T-006,150,5
935,1,Buy,T-032,T-001,130,56
936,1,Buy,T-039,T-001,130,10
936,1,Buy,T-032,T-001,130,44
938,1,Buy,T-002,T-026,299,5
938,1,Buy,T-002,T-005,300,50
939,1,Sell,T-014,T-002,300,45
942,1,Buy,T-021,T-014,199,73
949,1,Buy,T-002,T-010,350,2
949,1,Buy,T-002,T-035,450,80
949,1,Buy,T-002,T-032,500,18
951,1,Buy,T-002,T-032,500,100
951,1,Buy,T-005,T-032,500,38
961,1,Sell,T-021,T-030,600,10
962,1,Buy,T-032,T-021,600,90
963,1,Buy,T-001,T-005,700,50
964,1,Buy,T-032,T-003,900,3
978,1,Buy,T-032,T-030,500,10
986,1,Buy,T-001,T-015,1000,20
986,1,Buy,T-001,T-002,1500,30
991,1,Buy,T-032,T-029,700,60
992,1,Buy,T-032,T-029,700,11
1005,1,Buy,T-021,T-034,1400,20
1008,1,Buy,T-021,T-002,1500,270
1020,1,Buy,T-005,T-032,1595,38
1020,1,Buy,T-002,T-032,1595,62
1020,1,Buy,T-002,T-032,1600,60
1020,1,Buy,T-002,T-028,2000,3
1020,1,Buy,T-002,T-021,2000,300
1020,1,Buy,T-002,T-005,2900,38
1020,1,Buy,T-002,T-001,3000,50
1020,1,Buy,T-002,T-001,3000,50
1020,1,Buy,T-002,T-024,5000,3
1021,1,Sell,T-040,T-002,5000,1
1049,1,Buy,T-005,T-040,5000,10
1057,1,Buy,T-005,T-040,9000,10
1065,1,Buy,T-005,T-021,8000,13
1065,1,Buy,T-019,T-005,9998,35
1065,1,Buy,T-019,T-002,9999,532
1072,1,Buy,T-021,ME,8000,13
1077,1,Buy,T-002,ME,8000,7
1077,1,Buy,T-002,T-005,9000,36
1077,1,Buy,T-002,T-032,9997,14
1077,1,Buy,T-002,T-005,9999.99,38
1077,1,Buy,T-002,T-040,10000,100
1083,1,Sell,T-021,T-002,10000,13
1085,1,Buy,T-019,T-002,9999,35
1089,1,Buy,T-002,T-040,10000,1
1102,1,Buy,T-001,T-040,20000,1
1122,1,Buy,T-021,T-009,20000,10
1128,1,Buy,T-001,T-002,25000,1
1146,1,Buy,T-021,T-040,22000,1
1146,1,Buy,T-002,T-021,23000,8
1146,1,Buy,T-002,T-009,24000,10
1154,1,Sell,T-040,T-002,24000,1
1159,1,Sell,T-021,T-002,24000,1
1166,1,Buy,T-002,T-040,24999,1
1166,1,Buy,T-002,T-040,24999,1
1166,1,Buy,T-002,T-040,24999,1
1166,1,Buy,T-002,T-040,24999,1
1166,1,Buy,T-002,T-040,24999,1
1166,1,Buy,T-002,T-040,24999,1
1166,1,Buy,T-002,T-001,24999,1
1166,1,Buy,T-002,T-001,24999,1
1171,1,Buy,T-019,T-002,25000,200
1173,1,Buy,T-029,T-002,25000,5
1174,1,Buy,T-005,T-002,25000,3
1174,1,Buy,T-005,T-040,25000,1
1174,1,Buy,T-005,T-040,25000,1
1174,1,Buy,T-005,T-040,25000,1
1174,1,Buy,T-005,T-001,25000,1
1174,1,Buy,T-005,T-001,25000,1
1174,1,Buy,T-005,T-040,25000,1
1189,1,Sell,T-009,T-005,25000,10
1191,1,Sell,T-029,T-005,25000,4
1193,1,Sell,T-002,T-005,25000,15
1196,1,Buy,T-019,T-002,25000,13
1202,1,Sell,T-040,T-019,25000,1
1204,1,Sell,T-040,T-019,25000,1
1205,1,Sell,T-040,T-019,25000,1
1210,1,Sell,T-040,T-019,25000,1
1210,1,Sell,T-040,T-019,25000,1
1211,1,Sell,T-040,T-019,25000,1
1211,1,Sell,T-040,T-019,25000,1
1211,1,Sell,T-040,T-019,25000,1
1212,1,Sell,T-040,T-019,25000,1
1212,1,Sell,T-040,T-019,25000,1
1212,1,Sell,T-040,T-019,25000,1
1212,1,Sell,T-040,T-019,25000,1
1212,1,Sell,T-040,T-019,25000,1
1214,1,Sell,T-040,T-019,25000,1
1214,1,Sell,T-040,T-019,25000,1
1214,1,Sell,T-040,T-019,25000,1
1215,1,Sell,T-040,T-019,25000,1
1215,1,Sell,T-040,T-019,25000,1
1215,1,Sell,T-040,T-019,25000,1
1216,1,Sell,T-040,T-019,25000,1
1217,1,Sell,T-040,T-019,25000,1
1218,1,Sell,T-040,T-019,25000,1
1219,1,Sell,T-040,T-019,25000,1
1219,1,Sell,T-040,T-019,25000,1
1219,1,Sell,T-040,T-019,25000,1
1220,1,Sell,T-040,T-019,25000,1
1223,1,Sell,T-040,T-019,25000,1
1224,1,Sell,T-040,T-019,25000,1
1224,1,Sell,T-009,T-019,25000,10
1224,1,Sell,T-040,T-019,25000,1
1225,1,Sell,T-040,T-019,25000,1
1225,1,Sell,T-040,T-019,25000,1
1225,1,Sell,T-040,T-019,25000,1
1226,1,Sell,T-040,T-019,25000,1
1227,1,Sell,T-040,T-019,25000,1
1227,1,Sell,T-040,T-019,25000,1
1228,1,Sell,T-040,T-019,25000,1
1228,1,Sell,T-040,T-019,25000,1
1228,1,Sell,T-040,T-019,25000,1
1228,1,Sell,T-040,T-019,25000,1
1228,1,Sell,T-040,T-019,25000,1
1229,1,Sell,T-040,T-019,25000,1
1229,1,Sell,T-040,T-019,25000,1
1229,1,Sell,T-040,T-019,25000,1
1229,1,Sell,T-040,T-019,25000,1
1229,1,Sell,T-040,T-019,25000,1
1230,1,Sell,T-040,T-019,25000,1
1230,1,Sell,T-040,T-019,25000,1
1230,1,Sell,T-040,T-019,25000,1
1230,1,Sell,T-040,T-019,25000,1
1236,1,Sell,T-040,T-019,25000,1
1236,1,Sell,T-040,T-019,25000,1
1237,1,Sell,T-040,T-019,25000,1
1237,1,Sell,T-040,T-019,25000,1
1237,1,Sell,T-040,T-019,25000,1
1238,1,Sell,T-040,T-019,25000,1
1238,1,Sell,T-040,T-019,25000,1
1238,1,Sell,T-040,T-019,25000,1
1238,1,Sell,T-040,T-019,25000,1
1238,1,Sell,T-040,T-019,25000,1
1238,1,Sell,T-040,T-019,25000,1
1239,1,Sell,T-040,T-019,25000,1
1239,1,Sell,T-040,T-019,25000,1
1239,1,Sell,T-040,T-019,25000,1
1239,1,Sell,T-040,T-019,25000,1
1239,1,Sell,T-040,T-019,25000,1
1240,1,Sell,T-040,T-019,25000,1
1240,1,Sell,T-040,T-019,25000,1
1240,1,Sell,T-040,T-019,25000,1
1240,1,Sell,T-040,T-019,25000,1
1240,1,Sell,T-040,T-019,25000,1
1240,1,Sell,T-040,T-019,25000,1
1240,1,Sell,T-040,T-019,25000,1
1241,1,Sell,T-040,T-019,25000,1
1241,1,Sell,T-040,T-019,25000,1
1241,1,Sell,T-040,T-019,25000,1
1241,1,Sell,T-040,T-019,25000,1
1241,1,Sell,T-040,T-019,25000,1
1241,1,Sell,T-040,T-019,25000,1
1242,1,Sell,T-040,T-019,25000,1
1242,1,Sell,T-040,T-019,25000,1
1242,1,Sell,T-040,T-019,25000,1
1242,1,Sell,T-040,T-019,25000,1
1242,1,Sell,T-040,T-019,25000,1
1242,1,Sell,T-040,T-019,25000,1
1243,1,Sell,T-040,T-019,25000,1
1243,1,Sell,T-040,T-019,25000,1
1243,1,Sell,T-040,T-019,25000,1
1243,1,Sell,T-040,T-019,25000,1
1243,1,Sell,T-040,T-019,25000,1
1243,1,Sell,T-040,T-019,25000,1
1243,1,Sell,T-040,T-019,25000,1
1244,1,Sell,T-040,T-019,25000,1
1244,1,Sell,T-040,T-019,25000,1
1244,1,Sell,T-040,T-019,25000,1
1244,1,Sell,T-040,T-019,25000,1
1244,1,Sell,T-040,T-019,25000,1
1244,1,Sell,T-040,T-019,25000,1
1245,1,Sell,T-040,T-019,25000,1
1245,1,Sell,T-040,T-019,25000,1
1245,1,Sell,T-040,T-019,25000,1
1245,1,Sell,T-040,T-019,25000,1
1245,1,Sell,T-040,T-019,25000,1
1245,1,Sell,T-040,T-019,25000,1
1246,1,Sell,T-040,T-019,25000,1
1246,1,Sell,T-040,T-019,25000,1
1246,1,Sell,T-040,T-019,25000,1
1246,1,Sell,T-040,T-019,25000,1
1246,1,Sell,T-040,T-019,25000,1
1246,1,Sell,T-040,T-019,25000,1
1246,1,Sell,T-040,T-019,25000,1
1247,1,Sell,T-040,T-019,25000,1
1247,1,Sell,T-040,T-019,25000,1
1247,1,Sell,T-040,T-019,25000,1
1247,1,Sell,T-040,T-019,25000,1
1247,1,Sell,T-040,T-019,25000,1
1247,1,Sell,T-040,T-019,25000,1
1247,1,Sell,T-040,T-019,25000,1
1248,1,Sell,T-040,T-019,25000,1
1248,1,Sell,T-040,T-019,25000,1
1248,1,Sell,T-040,T-019,25000,1
1248,1,Sell,T-040,T-019,25000,1
1248,1,Sell,T-040,T-019,25000,1
1248,1,Sell,T-040,T-019,25000,1
1248,1,Sell,T-040,T-019,25000,1
1249,1,Sell,T-040,T-019,25000,1
1249,1,Sell,T-040,T-019,25000,1
1249,1,Sell,T-040,T-019,25000,1
1249,1,Sell,T-040,T-019,25000,1
1249,1,Sell,T-040,T-019,25000,1
1249,1,Sell,T-040,T-019,25000,1
1250,1,Sell,T-040,T-019,25000,1
1250,1,Sell,T-040,T-019,25000,1
1250,1,Sell,T-040,T-019,25000,1
1250,1,Sell,T-040,T-019,25000,1
1250,1,Sell,T-040,T-019,25000,1
1250,1,Sell,T-040,T-019,25000,1
1250,1,Sell,T-040,T-019,25000,1
1251,1,Sell,T-040,T-019,25000,1
1251,1,Sell,T-040,T-019,25000,1
1251,1,Sell,T-040,T-019,25000,1
1251,1,Sell,T-040,T-019,25000,1
1251,1,Sell,T-040,T-019,25000,1
1251,1,Sell,T-040,T-019,25000,1
1252,1,Sell,T-040,T-019,25000,1
1252,1,Sell,T-040,T-019,25000,1
1252,1,Sell,T-040,T-019,25000,1
1252,1,Sell,T-040,T-019,25000,1
1252,1,Sell,T-040,T-019,25000,1
1252,1,Sell,T-040,T-019,25000,1
1252,1,Sell,T-040,T-019,25000,1
1253,1,Sell,T-040,T-019,25000,1
1253,1,Sell,T-040,T-019,25000,1
1253,1,Sell,T-040,T-019,25000,1
1253,1,Sell,T-040,T-019,25000,1
1253,1,Sell,T-040,T-019,25000,1
1253,1,Sell,T-040,T-019,25000,1
1253,1,Sell,T-040,T-019,25000,1
1254,1,Sell,T-040,T-019,25000,1
1254,1,Sell,T-040,T-019,25000,1
1254,1,Sell,T-040,T-019,25000,1
1254,1,Sell,T-040,T-019,25000,1
1254,1,Sell,T-040,T-019,25000,1
1254,1,Sell,T-040,T-019,25000,1
1254,1,Sell,T-040,T-019,25000,1
1255,1,Sell,T-040,T-019,25000,1
1255,1,Sell,T-040,T-019,25000,1
1255,1,Sell,T-029,T-019,25000,1
1255,1,Sell,T-040,T-019,25000,1
1255,1,Sell,T-040,T-019,25000,1
1255,1,Sell,T-040,T-019,25000,1
1255,1,Sell,T-040,T-019,25000,1
1256,1,Sell,T-040,T-019,25000,1
1256,1,Sell,T-040,T-019,25000,1
1256,1,Sell,T-040,T-019,25000,1
1256,1,Sell,T-040,T-019,25000,1
1256,1,Sell,T-040,T-019,25000,1
1256,1,Sell,T-040,T-019,25000,1
1257,1,Sell,T-040,T-019,25000,1
1257,1,Sell,T-040,T-019,25000,1
1257,1,Sell,T-040,T-019,25000,1
1257,1,Sell,T-040,T-019,25000,1
1257,1,Sell,T-040,T-019,25000,1
1258,1,Sell,T-040,T-019,25000,1
1258,1,Sell,T-040,T-019,25000,1
1258,1,Sell,T-040,T-019,25000,1
1258,1,Sell,T-040,T-019,25000,1
1258,1,Sell,T-040,T-019,25000,1
1258,1,Sell,T-040,T-019,25000,1
1259,1,Sell,T-040,T-019,25000,1
1259,1,Sell,T-040,T-019,25000,1
1259,1,Sell,T-040,T-019,25000,1
1259,1,Sell,T-040,T-019,25000,1
1259,1,Sell,T-040,T-019,25000,1
1259,1,Sell,T-040,T-019,25000,1
1260,1,Sell,T-040,T-019,25000,1
1260,1,Sell,T-040,T-019,25000,1
1260,1,Sell,T-040,T-019,25000,1
1260,1,Sell,T-040,T-019,25000,1
1260,1,Sell,T-040,T-019,25000,1
1260,1,Sell,T-040,T-019,25000,1
1261,1,Sell,T-040,T-019,25000,1
1261,1,Sell,T-040,T-019,25000,1
1261,1,Sell,T-040,T-019,25000,1
1261,1,Sell,T-040,T-019,25000,1
1261,1,Sell,T-040,T-019,25000,1
1261,1,Sell,T-040,T-019,25000,1
1262,1,Sell,T-040,T-019,25000,1
1262,1,Sell,T-040,T-019,25000,1
1262,1,Sell,T-040,T-019,25000,1
1262,1,Sell,T-040,T-019,25000,1
1262,1,Sell,T-040,T-019,25000,1
1262,1,Sell,T-040,T-019,25000,1
1263,1,Sell,T-040,T-019,25000,1
1263,1,Sell,T-040,T-019,25000,1
1263,1,Sell,T-040,T-019,25000,1
1263,1,Sell,T-040,T-019,25000,1
1264,1,Sell,T-040,T-019,25000,1
1264,1,Sell,T-040,T-019,25000,1
1264,1,Sell,T-040,T-019,25000,1
1264,1,Sell,T-040,T-019,25000,1
1265,1,Sell,T-040,T-019,25000,1
1265,1,Sell,T-040,T-019,25000,1
1265,1,Sell,T-040,T-019,25000,1
1267,1,Sell,T-040,T-019,25000,1
1267,1,Sell,T-040,T-019,25000,1
1267,1,Sell,T-040,T-019,25000,1
1267,1,Sell,T-040,T-019,25000,1
1267,1,Sell,T-040,T-019,25000,1
1268,1,Sell,T-040,T-019,25000,1
1268,1,Sell,T-040,T-019,25000,1
1268,1,Sell,T-040,T-019,25000,1
1268,1,Sell,T-040,T-019,25000,1
1268,1,Sell,T-040,T-019,25000,1
1268,1,Sell,T-040,T-019,25000,1
1269,1,Sell,T-040,T-019,25000,1
1269,1,Sell,T-040,T-019,25000,1
1269,1,Sell,T-040,T-019,25000,1
1269,1,Sell,T-040,T-019,25000,1
1269,1,Sell,T-040,T-019,25000,1
1269,1,Sell,T-040,T-019,25000,1
1270,1,Sell,T-040,T-019,25000,1
1270,1,Sell,T-040,T-019,25000,1
1270,1,Sell,T-040,T-019,25000,1
1270,1,Sell,T-040,T-019,25000,1
1270,1,Sell,T-040,T-019,25000,1
1271,1,Sell,T-040,T-019,25000,1
1271,1,Sell,T-040,T-019,25000,1
1271,1,Sell,T-040,T-019,25000,1
1271,1,Sell,T-040,T-019,25000,1
1271,1,Sell,T-040,T-019,25000,1
1271,1,Sell,T-040,T-019,25000,1
1272,1,Sell,T-040,T-019,25000,1
1272,1,Sell,T-040,T-019,25000,1
1272,1,Sell,T-040,T-019,25000,1
1272,1,Sell,T-040,T-019,25000,1
1272,1,Sell,T-040,T-019,25000,1
1272,1,Sell,T-040,T-019,25000,1
1273,1,Sell,T-040,T-019,25000,1
1273,1,Sell,T-040,T-019,25000,1
1273,1,Sell,T-040,T-019,25000,1
1273,1,Sell,T-040,T-019,25000,1
1273,1,Sell,T-040,T-019,25000,1
1273,1,Sell,T-040,T-019,25000,1
1274,1,Sell,T-040,T-019,25000,1
1274,1,Sell,T-040,T-019,25000,1
1274,1,Sell,T-040,T-019,25000,1
1274,1,Sell,T-040,T-019,25000,1
1274,1,Sell,T-040,T-019,25000,1
1274,1,Sell,T-040,T-019,25000,1
1275,1,Sell,T-040,T-019,25000,1
1275,1,Sell,T-040,T-019,25000,1
1275,1,Sell,T-040,T-019,25000,1
1275,1,Sell,T-040,T-019,25000,1
1275,1,Sell,T-040,T-019,25000,1
1275,1,Sell,T-040,T-019,25000,1
1276,1,Sell,T-040,T-019,25000,1
1276,1,Sell,T-040,T-019,25000,1
1276,1,Sell,T-040,T-019,25000,1
1276,1,Sell,T-040,T-019,25000,1
1276,1,Sell,T-040,T-019,25000,1
1276,1,Sell,T-040,T-019,25000,1
1277,1,Sell,T-040,T-019,25000,1
1277,1,Sell,T-040,T-019,25000,1
1277,1,Sell,T-040,T-019,25000,1
1277,1,Sell,T-040,T-019,25000,1
1277,1,Sell,T-040,T-019,25000,1
1278,1,Sell,T-040,T-019,25000,1
1278,1,Sell,T-040,T-019,25000,1
1278,1,Sell,T-040,T-019,25000,1
1278,1,Sell,T-040,T-019,25000,1
1278,1,Sell,T-040,T-019,25000,1
1278,1,Sell,T-040,T-019,25000,1
1279,1,Sell,T-040,T-019,25000,1
1279,1,Sell,T-040,T-019,25000,1
1279,1,Sell,T-040,T-019,25000,1
1279,1,Sell,T-040,T-019,25000,1
1281,1,Sell,T-028,T-019,25000,1
1293,1,Sell,T-040,T-019,25000,1
1293,1,Sell,T-040,T-019,25000,1
1294,1,Sell,T-040,T-019,25000,1
1294,1,Sell,T-040,T-019,25000,1
1294,1,Sell,T-040,T-019,25000,1
1294,1,Sell,T-040,T-019,25000,1
1294,1,Sell,T-040,T-019,25000,1
1294,1,Sell,T-040,T-019,25000,1
1295,1,Sell,T-040,T-019,25000,1
1295,1,Sell,T-040,T-019,25000,1
1295,1,Sell,T-040,T-019,25000,1
1295,1,Sell,T-040,T-019,25000,1
1295,1,Sell,T-040,T-019,25000,1
1295,1,Sell,T-040,T-019,25000,1
1295,1,Sell,T-040,T-019,25000,1
1296,1,Sell,T-040,T-019,25000,1
1296,1,Sell,T-040,T-019,25000,1
1296,1,Sell,T-040,T-019,25000,1
1296,1,Sell,T-040,T-019,25000,1
1296,1,Sell,T-040,T-019,25000,1
1296,1,Sell,T-040,T-019,25000,1
1296,1,Sell,T-040,T-019,25000,1
1297,1,Sell,T-040,T-019,25000,1
1297,1,Sell,T-040,T-019,25000,1
1297,1,Sell,T-040,T-019,25000,1
1297,1,Sell,T-040,T-019,25000,1
1297,1,Sell,T-040,T-019,25000,1
1297,1,Sell,T-040,T-019,25000,1
1297,1,Sell,T-040,T-019,25000,1
1298,1,Sell,T-040,T-019,25000,1
1298,1,Sell,T-040,T-019,25000,1
1298,1,Sell,T-040,T-019,25000,1
1298,1,Sell,T-040,T-019,25000,1
1298,1,Sell,T-040,T-019,25000,1
1298,1,Sell,T-040,T-019,25000,1
1299,1,Sell,T-040,T-019,25000,1
1299,1,Sell,T-040,T-019,25000,1
1299,1,Sell,T-040,T-019,25000,1
1300,1,Sell,T-040,T-019,25000,1
1300,1,Sell,T-040,T-019,25000,1
1300,1,Sell,T-040,T-019,25000,1
1300,1,Sell,T-040,T-019,25000,1
1300,1,Sell,T-040,T-019,25000,1
1301,1,Sell,T-040,T-019,25000,1
1316,1,Sell,T-040,T-019,25000,1
1316,1,Sell,T-040,T-019,25000,1
1316,1,Sell,T-040,T-019,25000,1
1317,1,Sell,T-040,T-019,25000,1
1317,1,Sell,T-040,T-019,25000,1
1317,1,Sell,T-040,T-019,25000,1
1317,1,Sell,T-040,T-019,25000,1
1317,1,Sell,T-040,T-019,25000,1
1317,1,Sell,T-040,T-019,25000,1
1317,1,Sell,T-040,T-019,25000,1
1317,1,Sell,T-040,T-019,25000,1
1318,1,Sell,T-040,T-019,25000,1
1318,1,Sell,T-040,T-019,25000,1
1318,1,Sell,T-040,T-019,25000,1
1318,1,Sell,T-040,T-019,25000,1
1318,1,Sell,T-040,T-019,25000,1
1318,1,Sell,T-040,T-019,25000,1
1318,1,Sell,T-040,T-019,25000,1
1319,1,Sell,T-040,T-019,25000,1
1319,1,Sell,T-040,T-019,25000,1
1319,1,Sell,T-040,T-019,25000,1
1319,1,Sell,T-040,T-019,25000,1
1319,1,Sell,T-040,T-019,25000,1
1319,1,Sell,T-040,T-019,25000,1
1319,1,Sell,T-040,T-019,25000,1
1319,1,Sell,T-040,T-019,25000,1
1320,1,Sell,T-040,T-019,25000,1
1320,1,Sell,T-040,T-019,25000,1
1320,1,Sell,T-040,T-019,25000,1
1320,1,Sell,T-040,T-019,25000,1
1320,1,Sell,T-040,T-019,25000,1
1320,1,Sell,T-040,T-019,25000,1
1320,1,Sell,T-040,T-019,25000,1
1321,1,Sell,T-040,T-019,25000,1
1321,1,Sell,T-040,T-019,25000,1
1321,1,Sell,T-040,T-019,25000,1
1321,1,Sell,T-040,T-019,25000,1
1321,1,Sell,T-040,T-019,25000,1
1321,1,Sell,T-040,T-019,25000,1
1321,1,Sell,T-040,T-019,25000,1
1321,1,Sell,T-040,T-019,25000,1
1322,1,Sell,T-040,T-019,25000,1
1322,1,Sell,T-040,T-019,25000,1
1322,1,Sell,T-040,T-019,25000,1
1322,1,Sell,T-040,T-019,25000,1
1322,1,Sell,T-040,T-019,25000,1
1322,1,Sell,T-040,T-019,25000,1
1322,1,Sell,T-040,T-019,25000,1
1323,1,Sell,T-040,T-019,25000,1
1323,1,Sell,T-040,T-019,25000,1
1323,1,Sell,T-040,T-019,25000,1
1323,1,Sell,T-040,T-019,25000,1
1323,1,Sell,T-040,T-019,25000,1
1323,1,Sell,T-040,T-019,25000,1
1323,1,Sell,T-040,T-019,25000,1
1324,1,Sell,T-040,T-019,25000,1
1324,1,Sell,T-040,T-019,25000,1
1324,1,Sell,T-040,T-019,25000,1
1324,1,Sell,T-040,T-019,25000,1
1324,1,Sell,T-040,T-019,25000,1
1324,1,Sell,T-040,T-019,25000,1
1324,1,Sell,T-040,T-019,25000,1
1325,1,Sell,T-040,T-019,25000,1
1325,1,Sell,T-040,T-019,25000,1
1325,1,Sell,T-040,T-019,25000,1
1325,1,Sell,T-040,T-019,25000,1
1326,1,Sell,T-040,T-019,25000,1
1326,1,Sell,T-040,T-019,25000,1
1326,1,Sell,T-040,T-019,25000,1
1329,1,Sell,T-040,T-019,25000,1
1330,1,Sell,T-040,T-019,25000,1
1330,1,Sell,T-040,T-019,25000,1
1330,1,Sell,T-040,T-019,25000,1
1330,1,Sell,T-040,T-019,25000,1
1330,1,Sell,T-040,T-019,25000,1
1330,1,Sell,T-040,T-019,25000,1
1330,1,Sell,T-040,T-019,25000,1
1330,1,Sell,T-040,T-019,25000,1
1331,1,Sell,T-040,T-019,25000,1
1331,1,Sell,T-040,T-019,25000,1
1331,1,Sell,T-040,T-019,25000,1
1331,1,Sell,T-040,T-019,25000,1
1331,1,Sell,T-040,T-019,25000,1
1332,1,Sell,T-040,T-019,25000,1
1332,1,Sell,T-040,T-019,25000,1
1332,1,Sell,T-040,T-019,25000,1
1332,1,Sell,T-040,T-019,25000,1
1332,1,Sell,T-040,T-019,25000,1
1332,1,Sell,T-040,T-019,25000,1
1333,1,Sell,T-040,T-019,25000,1
1333,1,Sell,T-040,T-019,25000,1
1333,1,Sell,T-040,T-019,25000,1
1333,1,Sell,T-040,T-019,25000,1
1333,1,Sell,T-040,T-019,25000,1
1333,1,Sell,T-040,T-019,25000,1
1334,1,Sell,T-040,T-019,25000,1
1334,1,Sell,T-040,T-019,25000,1
1334,1,Sell,T-040,T-019,25000,1
1335,1,Sell,T-040,T-019,25000,1
1335,1,Sell,T-040,T-019,25000,1
1335,1,Sell,T-040,T-019,25000,1
1335,1,Sell,T-040,T-019,25000,1
1335,1,Sell,T-040,T-019,25000,1
1335,1,Sell,T-040,T-019,25000,1
1335,1,Sell,T-040,T-019,25000,1
1336,1,Sell,T-040,T-019,25000,1
1336,1,Sell,T-040,T-019,25000,1
1336,1,Sell,T-040,T-019,25000,1
1336,1,Sell,T-040,T-019,25000,1
1336,1,Sell,T-040,T-019,25000,1
1336,1,Sell,T-040,T-019,25000,1
1337,1,Sell,T-040,T-019,25000,1
1337,1,Sell,T-040,T-019,25000,1
1344,1,Sell,T-019,T-030,25000,3
1344,1,Sell,T-019,T-015,25000,91
1348,1,Sell,T-040,T-019,25000,1
1348,1,Sell,T-040,T-019,25000,1
1348,1,Sell,T-040,T-019,25000,1
1348,1,Sell,T-040,T-019,25000,1
1348,1,Sell,T-040,T-019,25000,1
1348,1,Sell,T-040,T-019,25000,1
1348,1,Sell,T-040,T-019,25000,1
1348,1,Sell,T-040,T-019,25000,1
1348,1,Sell,T-040,T-019,25000,1
1349,1,Sell,T-040,T-019,25000,1
1349,1,Sell,T-040,T-019,25000,1
1349,1,Sell,T-040,T-019,25000,1
1349,1,Sell,T-040,T-019,25000,1
1349,1,Sell,T-040,T-019,25000,1
1349,1,Sell,T-040,T-019,25000,1
1349,1,Sell,T-040,T-019,25000,1
1349,1,Sell,T-040,T-019,25000,1
1349,1,Sell,T-040,T-019,25000,1
1350,1,Sell,T-040,T-019,25000,1
1350,1,Sell,T-040,T-019,25000,1
1350,1,Sell,T-040,T-019,25000,1
1350,1,Sell,T-040,T-019,25000,1
1350,1,Sell,T-040,T-019,25000,1
1350,1,Sell,T-040,T-019,25000,1
1350,1,Sell,T-040,T-019,25000,1
1350,1,Sell,T-040,T-019,25000,1
1350,1,Sell,T-040,T-019,25000,1
1350,1,Sell,T-040,T-019,25000,1
1351,1,Sell,T-040,T-019,25000,1
1351,1,Sell,T-040,T-019,25000,1
1351,1,Sell,T-040,T-019,25000,1
1351,1,Sell,T-040,T-019,25000,1
1351,1,Sell,T-040,T-019,25000,1
1351,1,Sell,T-040,T-019,25000,1
1352,1,Sell,T-040,T-019,25000,1
1352,1,Sell,T-040,T-019,25000,1
1352,1,Sell,T-040,T-019,25000,1
1352,1,Sell,T-040,T-019,25000,1
1352,1,Sell,T-040,T-019,25000,1
1352,1,Sell,T-040,T-019,25000,1
1352,1,Sell,T-040,T-019,25000,1
1353,1,Sell,T-040,T-019,25000,1
1353,1,Sell,T-040,T-019,25000,1
1353,1,Sell,T-040,T-019,25000,1
1353,1,Sell,T-040,T-019,25000,1
1353,1,Sell,T-040,T-019,25000,1
1353,1,Sell,T-040,T-019,25000,1
1353,1,Sell,T-040,T-019,25000,1
1354,1,Sell,T-040,T-019,25000,1
1354,1,Sell,T-040,T-019,25000,1
1354,1,Sell,T-040,T-019,25000,1
1354,1,Sell,T-040,T-019,25000,1
1354,1,Sell,T-040,T-019,25000,1
1355,1,Sell,T-040,T-019,25000,1
1355,1,Sell,T-040,T-015,25000,1
1355,1,Sell,T-040,T-015,25000,1
1355,1,Sell,T-040,T-015,25000,1
1355,1,Sell,T-040,T-015,25000,1
1355,1,Sell,T-040,T-015,25000,1
1355,1,Sell,T-040,T-015,25000,1
1356,1,Sell,T-040,T-015,25000,1
1356,1,Sell,T-040,T-015,25000,1
1356,1,Sell,T-040,T-015,25000,1
1356,1,Sell,T-040,T-015,25000,1
1356,1,Sell,T-040,T-015,25000,1
1356,1,Sell,T-040,T-015,25000,1
1356,1,Sell,T-040,T-015,25000,1
1357,1,Sell,T-040,T-015,25000,1
1357,1,Sell,T-040,T-015,25000,1
1357,1,Sell,T-040,T-015,25000,1
1357,1,Sell,T-030,T-015,25000,3
1357,1,Sell,T-040,T-015,25000,1
1357,1,Sell,T-040,T-015,25000,1
1357,1,Sell,T-040,T-015,25000,1
1357,1,Sell,T-040,T-015,25000,1
1357,1,Sell,T-040,T-015,25000,1
1358,1,Sell,T-040,T-015,25000,1
1358,1,Sell,T-040,T-015,25000,1
1358,1,Sell,T-040,T-015,25000,1
1358,1,Sell,T-040,T-015,25000,1
1358,1,Sell,T-040,T-015,25000,1
1358,1,Sell,T-040,T-015,25000,1
1359,1,Sell,T-040,T-015,25000,1
1359,1,Sell,T-040,T-015,25000,1
1359,1,Sell,T-040,T-015,25000,1
1359,1,Sell,T-040,T-015,25000,1
1359,1,Sell,T-040,T-015,25000,1
1359,1,Sell,T-040,T-015,25000,1
1359,1,Sell,T-040,T-015,25000,1
1360,1,Sell,T-040,T-015,25000,1
1360,1,Sell,T-040,T-015,25000,1
1360,1,Sell,T-040,T-015,25000,1
1360,1,Sell,T-040,T-015,25000,1
1360,1,Sell,T-040,T-015,25000,1
1360,1,Sell,T-040,T-015,25000,1
1361,1,Sell,T-040,T-015,25000,1
1361,1,Sell,T-040,T-015,25000,1
1361,1,Sell,T-040,T-015,25000,1
1361,1,Sell,T-040,T-015,25000,1
1361,1,Sell,T-040,T-015,25000,1
1361,1,Sell,T-040,T-015,25000,1
1361,1,Sell,T-040,T-015,25000,1
1362,1,Sell,T-040,T-015,25000,1
1362,1,Sell,T-015,T-001,25000,2
1362,1,Sell,T-015,T-001,25000,2
1362,1,Sell,T-015,T-030,25000,2
1362,1,Sell,T-015,T-008,25000,100
1362,1,Sell,T-015,T-029,25000,1
1362,1,Sell,T-015,T-030,25000,3
1362,1,Sell,T-040,T-015,25000,1
1362,1,Sell,T-040,T-015,25000,1
1362,1,Sell,T-040,T-015,25000,1
1362,1,Sell,T-040,T-015,25000,1
1362,1,Sell,T-040,T-015,25000,1
1363,1,Buy,T-001,T-015,25000,20
1363,1,Sell,T-040,T-015,25000,1
1363,1,Sell,T-040,T-015,25000,1
1364,1,Sell,T-040,T-015,25000,1
1364,1,Sell,T-040,T-015,25000,1
1364,1,Sell,T-040,T-015,25000,1
1364,1,Sell,T-040,T-015,25000,1
1365,1,Sell,T-040,T-015,25000,1
1365,1,Sell,T-040,T-015,25000,1
1365,1,Sell,T-040,T-015,25000,1
1365,1,Sell,T-040,T-015,25000,1
1365,1,Sell,T-040,T-015,25000,1
1365,1,Sell,T-040,T-015,25000,1
1365,1,Sell,T-040,T-015,25000,1
1365,1,Sell,T-040,T-015,25000,1
1366,1,Sell,T-040,T-015,25000,1
1366,1,Sell,T-040,T-015,25000,1
1366,1,Sell,T-040,T-015,25000,1
1366,1,Sell,T-040,T-015,25000,1
1366,1,Sell,T-040,T-015,25000,1
1366,1,Sell,T-040,T-015,25000,1
1366,1,Sell,T-040,T-015,25000,1
1367,1,Sell,T-040,T-015,25000,1
1367,1,Sell,T-040,T-015,25000,1
1367,1,Sell,T-040,T-015,25000,1
1367,1,Sell,T-040,T-015,25000,1
1367,1,Sell,T-040,T-015,25000,1
1367,1,Sell,T-040,T-015,25000,1
1367,1,Sell,T-040,T-015,25000,1
1367,1,Sell,T-040,T-015,25000,1
1368,1,Sell,T-040,T-015,25000,1
1368,1,Sell,T-040,T-015,25000,1
1368,1,Sell,T-040,T-015,25000,1
1368,1,Sell,T-040,T-015,25000,1
1368,1,Sell,T-040,T-015,25000,1
1368,1,Sell,T-040,T-015,25000,1
1369,1,Sell,T-040,T-015,25000,1
1369,1,Sell,T-040,T-015,25000,1
1369,1,Sell,T-040,T-015,25000,1
1369,1,Sell,T-040,T-015,25000,1
1369,1,Sell,T-040,T-015,25000,1
1369,1,Sell,T-040,T-015,25000,1
1369,1,Sell,T-040,T-015,25000,1
1370,1,Sell,T-040,T-015,25000,1
1370,1,Sell,T-040,T-015,25000,1
1370,1,Sell,T-040,T-015,25000,1
1370,1,Sell,T-040,T-015,25000,1
1370,1,Sell,T-040,T-015,25000,1
1370,1,Sell,T-040,T-015,25000,1
1370,1,Sell,T-030,T-015,25000,3
1370,1,Sell,T-040,T-015,25000,1
1371,1,Sell,T-040,T-015,25000,1
1371,1,Sell,T-040,T-015,25000,1
1371,1,Sell,T-040,T-015,25000,1
1371,1,Sell,T-040,T-015,25000,1
1371,1,Sell,T-040,T-015,25000,1
1371,1,Sell,T-040,T-015,25000,1
1372,1,Sell,T-040,T-015,25000,1
1372,1,Sell,T-040,T-015,25000,1
1372,1,Sell,T-040,T-015,25000,1
1372,1,Sell,T-040,T-015,25000,1
1372,1,Sell,T-008,T-015,25000,100
1372,1,Sell,T-040,T-015,25000,1
1372,1,Sell,T-040,T-015,25000,1
1372,1,Sell,T-040,T-015,25000,1
1373,1,Sell,T-040,T-015,25000,1
1373,1,Sell,T-040,T-015,25000,1
1373,1,Sell,T-040,T-015,25000,1
1373,1,Sell,T-040,T-015,25000,1
1373,1,Sell,T-040,T-015,25000,1
1374,1,Sell,T-040,T-015,25000,1
1374,1,Sell,T-040,T-015,25000,1
1374,1,Sell,T-040,T-015,25000,1
1374,1,Sell,T-040,T-015,25000,1
1374,1,Sell,T-040,T-015,25000,1
1374,1,Sell,T-040,T-015,25000,1
1374,1,Sell,T-040,T-015,25000,1
1374,1,Sell,T-019,T-015,25000,54
1374,1,Sell,T-040,T-015,25000,1
1375,1,Sell,T-040,T-015,25000,1
1375,1,Sell,T-040,T-015,25000,1
1375,1,Sell,T-040,T-015,25000,1
1375,1,Sell,T-040,T-015,25000,1
1375,1,Sell,T-040,T-015,25000,1
1375,1,Sell,T-001,T-015,25000,22
1375,1,Sell,T-040,T-015,25000,1
1375,1,Sell,T-040,T-015,25000,1
1376,1,Sell,T-040,T-015,25000,1
1376,1,Sell,T-040,T-015,25000,1
1376,1,Sell,T-030,T-015,25000,2
1376,1,Sell,T-040,T-015,25000,1
1376,1,Sell,T-040,T-015,25000,1
1376,1,Buy,T-020,T-015,25000,60
1376,1,Sell,T-040,T-015,25000,1
1376,1,Sell,T-040,T-015,25000,1
1376,1,Sell,T-040,T-015,25000,1
1377,1,Sell,T-040,T-015,25000,1
1377,1,Sell,T-040,T-015,25000,1
1377,1,Sell,T-040,T-015,25000,1
1377,1,Sell,T-040,T-015,25000,1
1377,1,Sell,T-040,T-015,25000,1
1377,1,Sell,T-040,T-015,25000,1
1377,1,Sell,T-040,T-015,25000,1
1377,1,Sell,T-040,T-015,25000,1
1378,1,Sell,T-040,T-015,25000,1
1378,1,Sell,T-040,T-015,25000,1
1378,1,Sell,T-029,T-015,25000,1
1378,1,Sell,T-040,T-015,25000,1
1378,1,Sell,T-040,T-015,25000,1
1378,1,Sell,T-040,T-015,25000,1
1378,1,Sell,T-040,T-015,25000,1
1378,1,Sell,T-040,T-015,25000,1
1378,1,Sell,T-040,T-015,25000,1
1378,1,Sell,T-040,T-015,25000,1
1379,1,Sell,T-040,T-015,25000,1
1379,1,Sell,T-040,T-015,25000,1
1379,1,Sell,T-009,T-015,25000,10
1379,1,Sell,T-040,T-015,25000,1
1379,1,Sell,T-040,T-015,25000,1
1379,1,Sell,T-040,T-015,25000,1
1379,1,Sell,T-040,T-015,25000,1
1379,1,Sell,T-040,T-015,25000,1
1379,1,Sell,T-040,T-015,25000,1
1379,1,Sell,T-040,T-015,25000,1
1380,1,Sell,T-040,T-015,25000,1
1380,1,Sell,T-040,T-015,25000,1
1380,1,Sell,T-040,T-015,25000,1
1380,1,Sell,T-040,T-015,25000,1
1380,1,Sell,T-040,T-015,25000,1
1380,1,Sell,T-040,T-015,25000,1
1380,1,Sell,T-040,T-015,25000,1
1380,1,Sell,T-040,T-015,25000,1
1381,1,Sell,T-040,T-015,25000,1
1381,1,Sell,T-040,T-015,25000,1
1381,1,Sell,T-015,T-011,25000,1
1381,1,Sell,T-040,T-015,25000,1
1381,1,Sell,T-040,T-015,25000,1
1381,1,Buy,T-029,T-015,25000,1
1381,1,Sell,T-040,T-015,25000,1
1381,1,Sell,T-040,T-015,25000,1
1381,1,Sell,T-040,T-015,25000,1
1382,1,Sell,T-040,T-015,25000,1
1382,1,Sell,T-040,T-015,25000,1
1382,1,Sell,T-040,T-015,25000,1
1382,1,Sell,T-040,T-015,25000,1
1382,1,Sell,T-040,T-015,25000,1
1382,1,Sell,T-040,T-015,25000,1
1382,1,Sell,T-040,T-015,25000,1
1382,1,Sell,T-040,T-015,25000,1
1383,1,Sell,T-040,T-015,25000,1
1383,1,Sell,T-040,T-015,25000,1
1383,1,Sell,T-040,T-015,25000,1
1383,1,Sell,T-040,T-015,25000,1
1383,1,Sell,T-040,T-015,25000,1
1383,1,Sell,T-040,T-015,25000,1
1383,1,Sell,T-040,T-015,25000,1
1383,1,Sell,T-040,T-015,25000,1
1383,1,Sell,T-040,T-015,25000,1
1384,1,Sell,T-040,T-015,25000,1
1384,1,Sell,T-040,T-015,25000,1
1384,1,Sell,T-040,T-015,25000,1
1384,1,Sell,T-040,T-015,25000,1
1384,1,Sell,T-029,T-015,25000,1
1384,1,Sell,T-040,T-015,25000,1
1384,1,Sell,T-040,T-015,25000,1
1384,1,Sell,T-040,T-015,25000,1
1385,1,Sell,T-040,T-015,25000,1
1385,1,Sell,T-040,T-015,25000,1
1385,1,Sell,T-040,T-015,25000,1
1385,1,Sell,T-040,T-015,25000,1
1385,1,Buy,T-001,T-015,25000,22
1385,1,Sell,T-040,T-015,25000,1
1385,1,Sell,T-011,T-015,25000,1
1385,1,Sell,T-040,T-015,25000,1
1385,1,Sell,T-040,T-015,25000,1
1386,1,Sell,T-040,T-015,25000,1
1386,1,Sell,T-040,T-015,25000,1
1386,1,Sell,T-040,T-015,25000,1
1386,1,Sell,T-040,T-015,25000,1
1386,1,Sell,T-040,T-015,25000,1
1386,1,Sell,T-040,T-015,25000,1
1387,1,Sell,T-040,T-015,25000,1
1387,1,Sell,T-040,T-015,25000,1
1387,1,Sell,T-040,T-015,25000,1
1387,1,Buy,T-008,T-015,25000,36
1387,1,Buy,T-008,T-015,25000,60
1387,1,Buy,T-008,T-015,25000,4
1387,1,Sell,T-040,T-015,25000,1
1387,1,Sell,T-040,T-015,25000,1
1387,1,Sell,T-040,T-015,25000,1
1388,1,Sell,T-040,T-015,25000,1
1388,1,Sell,T-040,T-015,25000,1
1389,1,Buy,T-021,T-015,25000,50
1389,1,Sell,T-001,T-030,24888,2
1391,1,Sell,T-008,T-030,23000,2
1399,1,Buy,T-028,T-015,25000,6
1399,1,Buy,T-028,T-015,25000,54
1407,1,Buy,T-028,T-015,25000,6
1407,1,Buy,T-028,T-015,25000,54
1415,1,Buy,T-021,T-015,25000,6
1415,1,Buy,T-021,T-040,25000,1
1415,1,Buy,T-021,T-040,25000,1
1415,1,Buy,T-021,T-040,25000,1
1415,1,Buy,T-021,T-040,25000,1
1415,1,Buy,T-021,T-040,25000,1
1415,1,Buy,T-021,T-040,25000,1
1415,1,Buy,T-021,T-040,25000,1
1415,1,Buy,T-021,T-040,25000,1
1415,1,Buy,T-021,T-040,25000,1
1416,1,Buy,T-021,T-040,25000,1
1416,1,Buy,T-021,T-040,25000,1
1416,1,Buy,T-021,T-040,25000,1
1416,1,Buy,T-021,T-040,25000,1
1416,1,Buy,T-021,T-040,25000,1
1416,1,Buy,T-021,T-040,25000,1
1416,1,Buy,T-021,T-040,25000,1
1416,1,Buy,T-021,T-040,25000,1
1416,1,Buy,T-021,T-030,25000,2
1416,1,Buy,T-021,T-030,25000,2
1416,1,Buy,T-021,T-001,25000,3
1417,1,Buy,T-021,T-001,25000,15
1439,1,Buy,T-031,T-001,25000,2
1439,1,Buy,T-031,T-020,25000,20
1439,1,Buy,T-031,T-008,25000,98
1439,1,Buy,T-031,T-040,25000,1167
1439,1,Buy,T-031,T-015,25000,26
1458,1,Sell,T-020,T-031,25000,30
1460,1,Sell,T-021,T-031,25000,90
1471,1,Sell,T-020,T-031,25000,10
1492,1,Sell,T-028,T-031,25000,60
1496,1,Sell,T-028,T-031,25000,60
1499,1,Sell,T-021,T-011,25000,5
1506,1,Buy,T-021,T-011,25000,5
1525,1,Buy,T-001,T-021,25000,7
1525,1,Buy,T-001,T-031,25000,93
1578,1,Buy,T-020,T-031,24999,1
1578,1,Buy,T-020,T-001,24999,9
1582,1,Buy,T-029,T-001,24999,1
1586,1,Buy,T-002,T-001,24999,90
1586,1,Buy,T-002,T-031,25000,7
1586,1,Buy,T-002,T-001,25000,100
1586,1,Buy,T-002,T-031,25000,1000
1586,1,Buy,T-002,T-031,25000,893
1614,1,Sell,T-028,T-005,24999,58
1629,1,Buy,T-008,T-029,24999.8,1
1629,1,Buy,T-008,T-020,25000,10
1629,1,Buy,T-008,T-029,25000,1
1629,1,Buy,T-008,T-002,25000,18
1636,1,Sell,T-008,T-005,24999,30
1639,1,Buy,T-001,T-002,25000,100
1649,1,Buy,T-032,T-002,25000,2
1650,1,Sell,T-032,T-005,24999,2
1651,1,Buy,T-008,T-002,25000,300
1661,1,Buy,T-032,T-002,25000,2
1662,1,Sell,T-008,T-005,24999,10
1662,1,Sell,T-008,T-019,24999,10
1662,1,Sell,T-008,T-019,24999,280
1663,1,Sell,T-032,T-019,24999,2
1673,1,Buy,T-008,T-005,25000,88
1678,1,Sell,T-019,T-008,25000,212
1680,1,Sell,T-008,T-019,24999,300
1681,1,Buy,T-021,T-019,25000,80
1681,1,Buy,T-021,T-005,25000,12
1684,1,Sell,T-002,T-019,24999,418
1684,1,Sell,T-002,T-030,24999,2
1691,1,Buy,T-019,T-002,24999,1000
1691,1,Buy,T-008,T-002,24999,248
1691,1,Buy,T-008,T-021,25000,92
1692,1,Sell,T-030,T-008,25000,2
1696,1,Sell,T-019,T-008,25000,158
1699,1,Sell,T-008,T-005,24999,500
1713,1,Sell,T-019,T-008,25000,500
1715,1,Buy,T-011,T-019,25000,10
1716,1,Sell,T-008,T-001,24999,10
1716,1,Sell,T-008,T-030,24999,2
1719,1,Buy,T-030,T-008,24999,4
1720,1,Buy,T-001,T-008,24999,484
1721,1,Buy,T-015,T-019,25000,10
1724,1,Buy,T-013,T-019,25000,30
1726,1,Buy,T-008,T-015,24999,10
1726,1,Buy,T-008,T-019,25000,450
1726,1,Buy,T-008,T-005,25000,40
1735,1,Buy,T-021,T-008,24999,92
1741,1,Buy,T-005,T-011,24999,10
1748,1,Sell,T-008,T-005,24999,408
1748,1,Buy,T-032,T-005,25000,460
1753,1,Buy,T-013,T-001,25000,494
1753,1,Buy,T-013,T-019,25000,506
1754,1,Buy,T-008,T-019,25000,54
1754,1,Buy,T-008,T-030,25000,2
1754,1,Buy,T-008,T-021,25000,92
1754,1,Sell,T-005,T-008,25000,260
1755,1,Sell,T-032,T-005,24999,460
1758,1,Sell,T-008,T-005,24999,408
1763,1,Buy,T-008,T-005,25000,158
1763,1,Buy,T-008,T-005,25000,250
1768,1,Sell,T-008,T-005,24999,408
1775,1,Buy,T-015,T-005,25000,100
1778,1,Buy,T-008,T-005,25000,408
1778,1,Buy,T-029,T-005,25000,1
1778,1,Buy,T-032,T-005,25000,100
1779,1,Sell,T-032,T-029,24999.2,1
1779,1,Sell,T-032,T-005,24999,99
1780,1,Buy,T-008,T-005,25000,141
1780,1,Buy,T-008,T-015,25000,100
1780,1,Buy,T-008,T-030,25000,2
1780,1,Buy,T-008,T-005,25000,165
1783,1,Buy,T-032,T-005,25000,100
1784,1,Sell,T-032,T-005,24999,100
1785,1,Sell,T-008,T-005,24999,408
1786,1,Sell,T-008,T-005,24999,408
1790,1,Buy,T-015,T-005,25000,11
1790,1,Buy,T-015,T-030,25000,2
1790,1,Buy,T-015,T-029,25000,1
1790,1,Sell,T-005,T-015,25000,86
1792,1,Buy,T-032,T-005,25000,100
1793,1,Sell,T-032,T-005,24999,100
1794,1,Buy,T-008,T-005,25000,408
1795,1,Buy,T-008,T-005,25000,406
1795,1,Buy,T-008,T-015,25000,2
1796,1,Buy,T-008,T-015,25000,98
1800,1,Sell,T-005,T-008,25000,115
1804,1,Sell,T-008,T-015,25000,100
1805,1,Sell,T-015,T-008,25000,100
1807,1,Buy,T-032,T-008,25000,100
1807,1,Sell,T-013,T-008,25000,95
1807,1,Buy,T-032,T-008,25000,100
1808,1,Sell,T-032,T-005,24999,100
1810,1,Sell,T-032,T-005,24999,100
1818,1,Buy,T-015,T-008,25000,614
1824,1,Buy,T-021,T-008,25000,914
1824,1,Buy,T-021,T-013,25000,805
1824,1,Buy,T-021,T-008,25000,914
1824,1,Buy,T-021,T-008,25000,914
1824,1,Buy,T-021,T-008,25000,914
1824,1,Buy,T-021,T-008,25000,539
1825,1,Sell,T-015,T-005,24999,614
1830,1,Buy,T-021,T-008,25000,375
1830,1,Buy,T-021,T-008,25000,914
1830,1,Buy,T-021,T-005,25000,200
1830,1,Buy,T-021,T-005,25000,200
1830,1,Buy,T-021,T-015,25000,614
1838,1,Sell,T-021,T-015,25000,1000
1842,1,Buy,T-032,T-021,25000,914
1843,1,Sell,T-005,T-021,25000,414
1843,1,Sell,T-015,T-021,25000,386
1843,1,Sell,T-032,T-021,25000,914
1846,1,Buy,T-032,T-021,25000,914
1846,1,Sell,T-032,T-021,25000,914
1849,1,Buy,T-013,T-021,25000,1000
1853,1,Buy,T-001,T-021,25000,50
1854,1,Sell,T-001,T-021,25000,50
1862,1,Buy,T-001,T-021,25000,19
1862,1,Buy,T-002,T-021,25000,3406
1863,1,Sell,T-001,T-021,25000,19
1872,1,Buy,T-001,T-013,25000,1000
1873,1,Sell,T-001,T-005,24999,1000
1875,1,Buy,T-001,T-002,25000,1000
1875,1,Buy,T-032,T-002,25000,100
1875,1,Buy,T-001,T-002,25000,1000
1876,1,Sell,T-032,T-005,24999,100
1876,1,Sell,T-001,T-005,24999,1000
1876,1,Sell,T-001,T-005,24999,1000
1881,1,Buy,T-015,T-013,25000,1000
1882,1,Buy,T-015,T-021,25000,1000
1883,1,Buy,T-015,T-021,25000,1000
1884,1,Buy,T-015,T-021,25000,697
1884,1,Buy,T-015,T-013,25000,303
1884,1,Buy,T-015,T-013,25000,697
1884,1,Buy,T-015,T-005,25000,303
1888,1,Sell,T-002,T-005,24999,1306
1888,1,Sell,T-015,T-005,24999,1000
1889,1,Sell,T-015,T-005,24999,971
1889,1,Sell,T-015,T-001,24999,29
1889,1,Sell,T-015,T-001,24999,171
1889,1,Sell,T-015,T-001,24999,200
1889,1,Sell,T-015,T-001,24999,200
1889,1,Sell,T-015,T-001,24999,200
1889,1,Sell,T-015,T-019,24999,229
1889,1,Sell,T-015,T-019,24999,271
1889,1,Sell,T-015,T-019,24999,500
1897,1,Buy,T-002,T-015,24999,229
1897,1,Buy,T-002,T-015,24999,1000
1897,1,Buy,T-002,T-015,24999,1000
1897,1,Buy,T-002,T-015,24999,1000
1897,1,Buy,T-002,T-015,24999,1000
1897,1,Buy,T-002,T-015,24999,771
1902,1,Buy,T-002,T-015,24999,229
1902,1,Buy,T-002,T-015,24999,1000
1902,1,Buy,T-002,T-015,24999,1000
1902,1,Buy,T-002,T-015,24999,1000
1902,1,Buy,T-002,T-015,24999,1000
1902,1,Buy,T-002,T-015,24999,771
1904,1,Buy,T-005,T-015,24999,229
1905,1,Buy,T-013,T-005,25000,2000
1908,1,Sell,T-002,T-005,24999,10000
1911,1,Buy,T-032,T-005,25000,100
1911,1,Buy,T-032,T-005,25000,100
1912,1,Sell,T-032,T-005,24999,100
1913,1,Sell,T-032,T-005,24999,100
1913,1,Sell,T-016,T-005,24999,60
1921,1,Buy,T-002,T-005,25000,597
1921,1,Buy,T-002,T-015,25000,1000
1921,1,Buy,T-002,T-015,25000,1000
1921,1,Buy,T-002,T-015,25000,1000
1921,1,Buy,T-002,T-015,25000,1000
1921,1,Buy,T-002,T-015,25000,1000
1921,1,Buy,T-002,T-015,25000,1000
1921,1,Buy,T-002,T-015,25000,1000
1921,1,Buy,T-002,T-015,25000,1000
1921,1,Buy,T-002,T-009,25000,10
1921,1,Buy,T-002,T-019,25000,1000
1921,1,Buy,T-002,T-005,25000,393
1922,1,Buy,T-013,T-005,25000,2000
1923,1,Buy,T-032,T-005,25000,100
1923,1,Buy,T-032,T-005,25000,100
1924,1,Buy,T-013,T-005,25000,2000
1924,1,Buy,T-032,T-005,25000,100
1924,1,Buy,T-032,T-005,25000,100
1924,1,Buy,T-032,T-005,25000,100
1924,1,Sell,T-032,T-005,24999,100
1925,1,Sell,T-032,T-005,24999,100
1925,1,Sell,T-032,T-005,24999,100
1925,1,Sell,T-032,T-005,24999,100
1926,1,Sell,T-032,T-005,24999,100
1931,1,Buy,T-032,T-005,25000,100
1931,1,Buy,T-032,T-005,25000,100
1931,1,Buy,T-032,T-005,25000,100
1931,1,Buy,T-032,T-005,25000,100
1931,1,Buy,T-032,T-005,25000,100
1931,1,Buy,T-032,T-005,25000,100
1931,1,Buy,T-032,T-005,25000,100
1932,1,Buy,T-032,T-005,25000,100
1932,1,Sell,T-002,T-005,24999,10000
1932,1,Sell,T-032,T-005,24999,100
1933,1,Sell,T-032,T-005,24999,100
1933,1,Sell,T-032,T-005,24999,100
1933,1,Sell,T-032,T-005,24999,100
1934,1,Sell,T-032,T-005,24999,100
1934,1,Sell,T-032,T-005,24999,100
1934,1,Sell,T-032,T-005,24999,100
1934,1,Sell,T-032,T-016,24999.01,60
1934,1,Sell,T-032,T-005,24999,40
1939,1,Buy,T-002,T-005,25000,8670
1939,1,Buy,T-002,T-001,25000,800
1939,1,Buy,T-002,T-013,25000,530
1943,1,Buy,T-008,T-013,25000,3470
1943,1,Buy,T-008,T-013,25000,1704
1943,1,Sell,T-002,T-016,24999.01,60
1943,1,Sell,T-002,T-005,24999,3271
1943,1,Sell,T-002,T-019,24999,1000
1943,1,Sell,T-002,T-019,24999,5669
1954,1,Buy,T-001,T-013,25000,60
1955,1,Sell,T-001,T-016,24999.01,60
1956,1,Buy,T-032,T-013,25000,2000
1957,1,Sell,T-032,T-019,24999,2000
1961,1,Buy,T-002,T-013,25000,236
1961,1,Buy,T-002,T-013,25000,4000
1961,1,Buy,T-002,T-013,25000,4000
1961,1,Buy,T-002,T-013,25000,1764
1965,1,Sell,T-002,T-019,24999,2331
1965,1,Sell,T-002,T-019,24999,7669
1970,1,Buy,T-032,T-013,25000,2000
1970,1,Sell,T-032,T-019,24999,2000
1970,1,Buy,T-002,T-013,25000,236
1970,1,Buy,T-002,T-005,25000,9764
1974,1,Sell,T-002,T-019,24999,331
1974,1,Sell,T-002,T-019,24999,9669
1975,1,Buy,T-022,T-005,25000,1
1982,1,Buy,T-021,T-005,25000,235
1982,1,Buy,T-002,T-005,25000,10000
1983,1,Buy,T-021,T-019,25000,10000
1983,1,Buy,T-021,T-019,25000,10000
1984,1,Buy,T-021,T-016,25000,180
1986,1,Sell,T-002,T-030,24999,2
1986,1,Sell,T-002,T-030,24999,2
1988,1,Buy,T-022,T-002,24999,100
1990,1,Buy,T-021,T-002,24999,9896
1995,1,Buy,T-015,T-016,25000,180
1995,1,Buy,T-015,T-016,25000,180
1995,1,Buy,T-015,T-016,25000,180
1995,1,Buy,T-015,T-016,25000,180
1995,1,Buy,T-015,T-016,25000,180
1995,1,Buy,T-015,T-019,25000,100
1995,1,Buy,T-032,T-019,25000,2000
1995,1,Sell,T-032,T-005,24999,2000
2003,1,Sell,T-021,T-005,24999,23000
2004,1,Buy,T-002,T-021,24999,2000
2004,1,Buy,T-002,T-019,25000,7900
2004,1,Buy,T-002,T-019,25000,10000
2004,1,Buy,T-002,T-030,25000,2
2008,1,Sell,T-005,T-002,25000,98
2009,1,Buy,T-016,T-005,25000,10000
2009,1,Buy,T-016,T-005,25000,8816
2011,1,Sell,T-030,T-016,25000,2
2011,1,Sell,T-021,T-016,25000,1182
2011,1,Sell,T-021,T-016,25000,3818
2012,1,Sell,T-002,T-016,25000,6182
2012,1,Sell,T-002,T-016,25000,10000
2012,1,Sell,T-002,T-016,25000,3818
2013,1,Buy,T-008,T-016,25000,5174
2015,1,Buy,T-032,T-016,25000,2000
2015,1,Buy,T-032,T-016,25000,2000
2015,1,Buy,T-032,T-016,25000,826
2015,1,Buy,T-032,T-016,25000,1174
2015,1,Buy,T-032,T-016,25000,2000
2016,1,Sell,T-032,T-016,25000,2000
2016,1,Sell,T-032,T-016,25000,2000
2016,1,Buy,T-008,T-016,25000,5174
2016,1,Buy,T-021,T-016,25000,1652
2016,1,Buy,T-021,T-016,25000,3348
2016,1,Sell,T-032,T-016,25000,2000
2017,1,Sell,T-032,T-016,25000,182
2017,1,Sell,T-032,T-016,25000,1818
2017,1,Buy,T-008,T-016,25000,5174
2018,1,Buy,T-021,T-016,25000,1478
2018,1,Buy,T-021,T-016,25000,3522
2019,1,Buy,T-021,T-016,25000,5000
2021,1,Buy,T-021,T-016,25000,1478
2021,1,Buy,T-021,T-016,25000,3522
2023,1,Buy,T-021,T-016,25000,5000
2023,1,Buy,T-021,T-016,25000,1478
2023,1,Buy,T-021,T-016,25000,3522
2023,1,Buy,T-021,T-016,25000,5000
2023,1,Buy,T-021,T-016,25000,1478
2023,1,Buy,T-021,T-016,25000,3522
2023,1,Buy,T-021,T-016,25000,5000
2023,1,Buy,T-021,T-016,25000,1478
2023,1,Buy,T-021,T-016,25000,3522
2024,1,Buy,T-021,T-016,25000,5000
2024,1,Buy,T-021,T-016,25000,1478
2024,1,Buy,T-021,T-016,25000,3522
2024,1,Buy,T-021,T-016,25000,5000
2024,1,Buy,T-021,T-016,25000,1478
2024,1,Buy,T-021,T-016,25000,3522
2024,1,Buy,T-021,T-016,25000,5000
2024,1,Buy,T-021,T-016,25000,1478
2024,1,Buy,T-021,T-016,25000,3522
2024,1,Buy,T-021,T-016,25000,5000
2025,1,Sell,T-008,T-016,25000,8182
2025,1,Sell,T-008,T-016,25000,7340
2025,1,Buy,T-021,T-016,25000,1478
2025,1,Buy,T-021,T-016,25000,3522
2025,1,Buy,T-021,T-016,25000,5000
2025,1,Buy,T-021,T-016,25000,1478
2025,1,Buy,T-021,T-016,25000,3522
2025,1,Buy,T-021,T-016,25000,5000
2025,1,Buy,T-021,T-016,25000,1478
2025,1,Buy,T-021,T-016,25000,3522
2025,1,Buy,T-021,T-016,25000,5000
2025,1,Buy,T-021,T-016,25000,1478
2025,1,Buy,T-021,T-016,25000,3522
2025,1,Buy,T-021,T-016,25000,5000
2026,1,Buy,T-021,T-016,25000,1478
2026,1,Buy,T-021,T-016,25000,3522
2026,1,Buy,T-021,T-016,25000,5000
2026,1,Buy,T-021,T-016,25000,1478
2026,1,Buy,T-021,T-016,25000,3522
2026,1,Buy,T-021,T-016,25000,5000
2026,1,Buy,T-021,T-016,25000,1478
2026,1,Buy,T-021,T-016,25000,3522
2026,1,Buy,T-021,T-016,25000,5000
2026,1,Buy,T-021,T-016,25000,1478
2026,1,Buy,T-021,T-016,25000,3522
2026,1,Buy,T-021,T-016,25000,5000
2027,1,Buy,T-013,T-016,25000,1478
2027,1,Buy,T-013,T-016,25000,10000
2027,1,Buy,T-013,T-016,25000,10000
2027,1,Buy,T-013,T-016,25000,3522
2027,1,Buy,T-021,T-016,25000,5000
2027,1,Buy,T-021,T-016,25000,1478
2027,1,Buy,T-021,T-016,25000,3522
2027,1,Buy,T-021,T-016,25000,5000
2027,1,Buy,T-021,T-016,25000,1478
2027,1,Buy,T-021,T-016,25000,3522
2027,1,Buy,T-021,T-016,25000,5000
2027,1,Buy,T-021,T-016,25000,1478
2027,1,Buy,T-021,T-016,25000,3522
2027,1,Buy,T-021,T-016,25000,5000
2027,1,Buy,T-021,T-016,25000,1478
2049,1,Sell,T-013,T-016,25000,2660
2049,1,Sell,T-013,T-008,25000,5000
2050,1,Buy,T-032,T-013,25000,1369
2055,1,Buy,T-019,T-008,25000,5000
2055,1,Buy,T-019,T-021,25000,4331
2057,1,Sell,T-032,T-001,24999,1000
2057,1,Sell,T-032,T-005,24999,369
2057,1,Buy,T-008,T-021,25000,5000
2058,1,Buy,T-008,T-021,25000,5000
2058,1,Buy,T-008,T-021,25000,5000
2059,1,Sell,T-021,T-005,24999,24631
2059,1,Sell,T-021,T-019,24999,369
2060,1,Sell,T-021,T-019,24999,8962
2062,1,Buy,T-013,T-021,24999,9029
2069,1,Sell,T-008,T-030,24998,2
2069,1,Sell,T-008,T-030,24998,2
2069,1,Sell,T-008,T-030,24998,2
2069,1,Sell,T-008,T-030,24998,2
2069,1,Sell,T-008,T-030,24998,2
2069,1,Sell,T-008,T-030,24998,2
2069,1,Sell,T-008,T-030,24998,2
2069,1,Sell,T-008,T-030,24998,2
2069,1,Sell,T-008,T-030,24998,2
2069,1,Sell,T-008,T-030,24998,2
2069,1,Sell,T-008,T-030,24998,2
2069,1,Sell,T-008,T-030,24998,2
2069,1,Sell,T-008,T-030,24998,2
2069,1,Sell,T-008,T-030,24998,2
2069,1,Sell,T-008,T-030,24998,2
2069,1,Sell,T-008,T-030,24998,4
2069,1,Sell,T-008,T-030,24998,4
2069,1,Sell,T-008,T-030,24998,8
2069,1,Sell,T-008,T-030,24998,5
2072,1,Buy,T-013,T-008,24998,9029
2072,1,Buy,T-013,T-008,24998,5920
2072,1,Buy,T-013,T-021,24999,3109
2080,1,Buy,T-020,T-021,24999,3900
2082,1,Buy,T-019,T-021,24999,500
2083,1,Buy,T-019,T-021,24999,500
2083,1,Buy,T-019,T-021,24999,500
2084,1,Buy,T-019,T-021,24999,500
2084,1,Buy,T-019,T-021,24999,500
2084,1,Buy,T-019,T-021,24999,500
2085,1,Buy,T-030,T-021,24999,5
2086,1,Sell,T-013,T-005,24998,9029
2086,1,Sell,T-013,T-005,24998,9029
2086,1,Sell,T-013,T-005,24998,6942
2086,1,Buy,T-019,T-013,24998,2087
2086,1,Buy,T-019,T-021,24999,7913
2089,1,Sell,T-021,T-001,24998,1000
2114,1,Buy,T-016,T-021,24998,1000
2114,1,Buy,T-016,T-021,24998,1000
2114,1,Buy,T-016,T-021,24998,1000
2114,1,Buy,T-016,T-021,24998,1000
2125,1,Buy,T-013,T-021,24997,2000
2128,1,Buy,T-013,T-021,24997,2000
2136,1,Buy,T-013,T-021,24997,3999
2136,1,Buy,T-013,T-021,24997,3999
2136,1,Buy,T-013,T-021,24997,3999
2136,1,Buy,T-013,T-021,24997,3999
2136,1,Buy,T-013,T-021,24997,3999
2136,1,Buy,T-013,T-021,24997,1005
2136,1,Buy,T-013,T-021,24997,2994
2136,1,Buy,T-013,T-021,24997,3999
2136,1,Buy,T-013,T-021,24997,3999
2137,1,Buy,T-013,T-021,24997,3999
2137,1,Buy,T-013,T-021,24997,3999
2137,1,Buy,T-013,T-021,24997,3999
2137,1,Buy,T-013,T-021,24997,2011
2140,1,Sell,T-021,T-013,24997,1988
2140,1,Sell,T-021,T-013,24997,3999
2140,1,Sell,T-021,T-013,24997,3999
2140,1,Sell,T-021,T-013,24997,3999
2140,1,Sell,T-021,T-013,24997,3999
2162,1,Sell,T-013,T-005,24995,1000
2169,1,Sell,T-019,T-013,24995,3999
2169,1,Buy,T-013,T-019,24995,3999
2169,1,Buy,T-013,T-019,24995,2002
2170,1,Sell,T-019,T-013,24995,1997
2170,1,Sell,T-019,T-013,24995,3999
2170,1,Sell,T-019,T-013,24995,3999
2170,1,Sell,T-019,T-013,24995,5
2186,1,Buy,T-020,T-019,24994,2331
2189,1,Buy,T-020,T-013,24995,2999
2189,1,Buy,T-020,T-013,24995,901
2190,1,Buy,T-020,T-013,24995,3098
2190,1,Buy,T-020,T-013,24995,802
2191,1,Buy,T-020,T-013,24995,3197
2191,1,Buy,T-020,T-013,24995,703
2191,1,Buy,T-020,T-013,24995,3296
2191,1,Buy,T-020,T-013,24995,604
2192,1,Buy,T-020,T-013,24995,3395
2192,1,Buy,T-020,T-013,24995,505
2193,1,Buy,T-020,T-013,24995,3494
2193,1,Buy,T-020,T-013,24995,406
2194,1,Buy,T-020,T-013,24995,3593
2194,1,Buy,T-020,T-013,24995,307
2195,1,Buy,T-020,T-013,24995,3692
2195,1,Buy,T-020,T-013,24995,208
2196,1,Buy,T-020,T-013,24995,3791
2196,1,Buy,T-020,T-013,24995,109
2196,1,Buy,T-020,T-013,24995,3890
2196,1,Buy,T-020,T-013,24995,10
2197,1,Buy,T-020,T-013,24995,3900
2198,1,Buy,T-020,T-013,24995,89
2198,1,Buy,T-020,T-013,24995,3811
2198,1,Buy,T-020,T-013,24995,188
2198,1,Buy,T-020,T-013,24995,3712
2198,1,Buy,T-020,T-013,24995,287
2198,1,Buy,T-020,T-013,24995,3613
2199,1,Buy,T-020,T-013,24995,386
2199,1,Buy,T-020,T-013,24995,3514
2199,1,Buy,T-020,T-013,24995,485
2199,1,Buy,T-020,T-013,24995,3415
2200,1,Buy,T-020,T-013,24995,584
2200,1,Buy,T-020,T-013,24995,3316
2201,1,Buy,T-020,T-013,24995,683
2201,1,Buy,T-020,T-013,24995,3217
2201,1,Buy,T-020,T-013,24995,782
2201,1,Buy,T-020,T-013,24995,3118
2202,1,Buy,T-020,T-013,24995,881
2202,1,Buy,T-020,T-013,24995,3019
2202,1,Buy,T-020,T-013,24995,980
2202,1,Buy,T-020,T-013,24995,2920
2203,1,Buy,T-020,T-013,24995,1079
2203,1,Buy,T-020,T-013,24995,2821
2203,1,Buy,T-020,T-013,24995,1178
2203,1,Buy,T-020,T-013,24995,2722
2204,1,Buy,T-020,T-013,24995,1277
2204,1,Buy,T-020,T-013,24995,2623
2204,1,Buy,T-020,T-013,24995,1376
2204,1,Buy,T-020,T-013,24995,2524
2205,1,Buy,T-020,T-013,24995,1475
2205,1,Buy,T-020,T-013,24995,2425
2205,1,Buy,T-020,T-013,24995,1574
2205,1,Buy,T-020,T-013,24995,2326
2206,1,Buy,T-020,T-013,24995,1673
2206,1,Buy,T-020,T-013,24995,2227
2206,1,Buy,T-020,T-013,24995,1772
2206,1,Buy,T-020,T-013,24995,2128
2206,1,Buy,T-020,T-013,24995,1871
2207,1,Buy,T-020,T-030,25000,50
2210,1,Sell,T-021,T-008,10500,15000
2210,1,Sell,T-021,T-029,5000,100
2210,1,Sell,T-021,T-009,5000,10
2210,1,Sell,T-021,T-035,3000,3
2210,1,Sell,T-021,T-035,3000,3
2210,1,Sell,T-021,T-035,3000,3
2210,1,Sell,T-021,T-035,3000,3
2213,1,Buy,T-036,T-021,2500,10
2216,1,Buy,T-030,T-036,6003,10
2216,1,Buy,T-030,T-001,24998,40
2234,1,Sell,T-030,T-034,5000,30
2236,1,Buy,T-021,T-009,23000,10
2251,1,Buy,T-020,T-035,8000,12
2252,1,Buy,T-020,T-029,10000,100
2254,1,Buy,T-021,T-008,21000,15000
2255,1,Buy,T-020,T-022,24500,101
2274,1,Buy,T-021,T-034,24000,30
2345,1,Buy,T-005,T-020,24000,1000
2354,1,Buy,T-005,T-020,24000,1000
2354,1,Buy,T-005,T-020,24000,1000
2418,1,Buy,T-031,T-005,24500,431
2421,1,Sell,T-020,T-019,24100,100
2428,1,Buy,T-021,T-030,24400,26
2450,1,Buy,T-021,T-019,24300,100
2468,1,Buy,T-016,T-005,23000,1000
2483,1,Buy,T-021,T-005,23000,1000
2503,1,Buy,T-019,T-021,24000,500
2532,1,Buy,T-019,T-021,24000,500
2544,1,Sell,T-005,T-029,22000,5
2545,1,Buy,T-016,T-005,22000,4995
2546,1,Buy,T-016,T-005,24000,1000
2554,1,Buy,T-021,T-029,23000,5
2561,1,Buy,T-021,T-005,22000,1000
2563,1,Buy,T-029,T-005,22000,5
2566,1,Buy,T-021,T-005,22000,1000
2571,1,Buy,T-016,T-005,22000,2995
2571,1,Buy,T-016,T-029,22000,5
2608,1,Buy,T-021,T-005,23000,2000
2624,1,Sell,T-005,T-030,20000,26
2629,1,Sell,T-005,T-030,20000,26
2650,1,Sell,T-005,T-025,20000,100
2701,1,Sell,T-005,T-021,19000,2000
2744,1,Buy,T-016,T-005,19000,10000
2782,1,Buy,T-016,T-001,16999,960
2789,1,Buy,T-021,T-005,19000,2000
2790,1,Buy,T-021,T-005,19000,2000
2824,1,Sell,T-019,T-016,16500,1000
2833,1,Buy,T-016,T-005,18000,10000
2836,1,Buy,T-016,T-005,18000,10000
2879,1,Buy,T-021,T-005,18000,2000
2882,1,Buy,T-021,T-005,18000,417
2883,1,Buy,T-016,T-021,19999,2000
2884,1,Buy,T-016,T-030,20000,5
2893,1,Buy,T-016,T-021,19999,2000
2896,1,Buy,T-016,T-021,19999,2000
2896,1,Buy,T-016,T-021,19999,2000
2897,1,Buy,T-016,T-021,19999,2000
2897,1,Buy,T-016,T-030,20100,5
2897,1,Buy,T-016,T-030,20100,5
2897,1,Buy,T-016,T-030,20100,5
2902,1,Buy,T-016,T-025,20500,100
2902,1,Buy,T-016,T-030,20500,5
2902,1,Buy,T-016,T-030,20500,5
2903,1,Buy,T-016,T-030,20799,20
2903,1,Buy,T-016,T-030,20799,5
2960,1,Buy,T-016,T-001,20899,1000
2962,1,Buy,T-016,T-030,20900,5
2963,1,Buy,T-016,T-030,20999,20
2963,1,Buy,T-016,T-030,20999,20
