t_sec,stock1,stock2
1,89,152.7
2,89,152.7
3,89,152.7
4,89,152.7
5,89,152.7
6,89,152.7
7,89,152.7
8,89,152.7
9,89,152.7
10,89,152.7
11,89,152.7
12,89,152.7
13,89,152.7
14,89,152.7
15,89,152.7
16,89,152.7
17,89,152.7
18,89,152.7
19,89,152.7
20,89,152.7
21,89,152.7
22,89,152.7
23,89,152.7
24,89,152.7
25,89,152.7
26,89,152.7
27,89,152.7
28,89,152.7
29,89,152.7
30,89,152.7
31,89,152.7
32,89,152.7
33,89,152.7
34,89,152.7
35,89,152.7
36,89,152.7
37,89,152.7
38,89,152.7
39,89,152.7
40,89,152.7
41,89,152.7
42,89,152.7
43,89,152.7
44,89,152.7
45,89,152.7
46,89,152.7
47,87.7,155.3
48,87.7,155.3
49,87.7,155.3
50,87.7,155.3
51,87.7,155.3
52,87.7,155.3
53,87.7,155.3
54,87.7,155.3
55,87.7,155.3
56,87.7,155.3
57,87.7,155.3
58,87.7,155.3
59,87.7,155.3
60,87.7,155.3
61,87.7,155.3
62,87.7,155.3
63,87.7,155.3
64,87.7,155.3
65,87.7,155.3
66,87.7,155.3
67,87.7,155.3
68,87.7,155.3
69,87.7,155.3
70,87.7,155.3
71,87.7,155.3
72,87.7,155.3
73,87.7,155.3
74,87.7,155.3
75,87.7,155.3
76,87.7,155.3
77,87.7,155.3
78,87.7,155.3
79,87.7,155.3
80,83.5,156.3
81,83.5,156.3
82,83.5,156.3
83,83.5,156.3
84,83.5,156.3
85,83.5,156.3
86,83.5,156.3
87,83.5,156.3
88,83.5,156.3
89,83.5,156.3
90,83.5,156.3
91,83.5,156.3
92,83.5,156.3
93,83.5,156.3
94,83.5,156.3
95,83.5,156.3
96,83.5,156.3
97,83.5,156.3
98,83.5,156.3
99,83.5,156.3
100,83.5,156.3
101,83.5,156.3
102,83.5,156.3
103,83.5,156.3
104,83.5,156.3
105,83.5,156.3
106,83.5,156.3
107,83.5,156.3
108,83.5,156.3
109,83.5,156.3
110,83.5,156.3
111,83.5,156.3
112,83.5,156.3
113,83.5,156.3
114,83.5,156.3
115,83.5,156.3
116,83.6,157.8
117,83.6,157.8
118,83.6,157.8
119,83.6,157.8
120,83.6,157.8
121,83.6,157.8
122,83.6,157.8
123,83.6,157.8
124,83.6,157.8
125,83.6,157.8
126,83.6,157.8
127,83.6,157.8
128,83.6,157.8
129,83.6,157.8
130,83.6,157.8
131,83.6,157.8
132,83.6,157.8
133,83.6,157.8
134,83.6,157.8
135,83.6,157.8
136,83.6,157.8
137,83.6,157.8
138,83.6,157.8
139,83.6,157.8
140,83.6,157.8
141,83.6,157.8
142,83.6,157.8
143,83.6,157.8
144,83.6,157.8
145,83.6,157.8
146,83.6,157.8
147,83.6,157.8
148,83.6,157.8
149,83.6,157.8
150,83.6,157.8
151,82,162.8
152,82,162.8
153,82,162.8
154,82,162.8
155,82,162.8
156,82,162.8
157,82,162.8
158,82,162.8
159,82,162.8
160,82,162.8
161,81.8,163.6
162,81.8,163.6
163,81.8,163.6
164,81.8,163.6
165,81.8,163.6
166,81.8,163.6
167,81.8,163.6
168,81.8,163.6
169,81.8,163.6
170,81.8,163.6
171,81.8,163.6
172,81.8,163.6
173,81.8,163.6
174,81.8,163.6
175,81.8,163.6
176,81.8,163.6
177,81.8,163.6
178,81.8,163.6
179,81.8,163.6
180,81.8,163.6
181,81.8,163.6
182,81.8,163.6
183,81.8,163.6
184,81.8,163.6
185,81.8,163.6
186,81.8,163.6
187,81.8,163.6
188,81.8,163.6
189,81.8,163.6
190,81.8,163.6
191,81.8,163.6
192,81.8,163.6
193,81.8,163.6
194,81.8,163.6
195,81.8,163.6
196,81.8,163.6
197,81.8,163.6
198,78.4,164.5
199,78.4,164.5
200,78.4,164.5
201,78.4,164.5
202,78.4,164.5
203,78.4,164.5
204,78.4,164.5
205,78.4,164.5
206,78.4,164.5
207,78.4,164.5
208,78.4,164.5
209,78.4,164.5
210,78.4,164.5
211,78.4,164.5
212,78.4,164.5
213,78.4,164.5
214,78.4,164.5
215,78.4,164.5
216,78.4,164.5
217,78.4,164.5
218,78.4,164.5
219,78.4,164.5
220,78.4,164.5
221,78.4,164.5
222,78.4,164.5
223,78.4,164.5
224,78.4,164.5
225,78.4,164.5
226,78.4,164.5
227,78.4,164.5
228,78.4,164.5
229,74.9,168.2
230,74.9,168.2
231,74.9,168.2
232,74.9,168.2
233,74.9,168.2
234,74.9,168.2
235,74.9,168.2
236,74.9,168.2
237,74.9,168.2
238,74.9,168.2
239,74.9,168.2
240,74.9,168.2
241,74.9,168.2
242,74.9,168.2
243,74.9,168.2
244,74.9,168.2
245,74.9,168.2
246,74.9,168.2
247,74.9,168.2
248,74.9,168.2
249,74.9,168.2
250,74.9,168.2
251,74.9,168.2
252,74.9,168.2
253,74.9,168.2
254,74.9,168.2
255,74.9,168.2
256,74.9,168.2
257,74.9,168.2
258,76.2,169.4
259,76.2,169.4
260,76.2,169.4
261,76.2,169.4
262,76.2,169.4
263,76.2,169.4
264,76.2,169.4
265,76.2,169.4
266,76.2,169.4
267,76.2,169.4
268,76.2,169.4
269,76.2,169.4
270,76.2,169.4
271,76.2,169.4
272,76.2,169.4
273,76.2,169.4
274,76.2,169.4
275,76.2,169.4
276,76.2,169.4
277,76.2,169.4
278,76.2,169.4
279,76.2,169.4
280,76.2,169.4
281,76.2,169.4
282,76.2,169.4
283,76.2,169.4
284,72.6,170.6
285,72.6,170.6
286,72.6,170.6
287,72.6,170.6
288,72.6,170.6
289,72.6,170.6
290,72.6,170.6
291,72.6,170.6
292,72.6,170.6
293,72.6,170.6
294,72.6,170.6
295,71,171.2
296,71,171.2
297,71,171.2
298,71,171.2
299,71,171.2
300,71,171.2
301,71,171.2
302,71,171.2
303,71,171.2
304,71,171.2
305,71,171.2
306,71,171.2
307,71,171.2
308,71,171.2
309,71,171.2
310,71,171.2
311,71,171.2
312,71,171.2
313,71,171.2
314,71,171.2
315,71,171.2
316,71,171.2
317,71,171.2
318,71,171.2
319,71,171.2
320,71,171.2
321,71,171.2
322,71,171.2
323,71,171.2
324,71,171.2
325,71,171.2
326,71,171.2
327,70.2,173
328,70.2,173
329,70.2,173
330,70.2,173
331,70.2,173
332,70.2,173
333,70.2,173
334,70.2,173
335,70.2,173
336,70.2,173
337,70.2,173
338,70.2,173
339,70.2,173
340,70.2,173
341,70.2,173
342,70.2,173
343,70.2,173
344,70.2,173
345,70.2,173
346,70.2,173
347,70.2,173
348,70.2,173
349,70.2,173
350,70.2,173
351,70.2,173
352,70.2,173
353,70.2,173
354,70.2,173
355,70.2,173
356,70.2,173
357,70.2,173
358,70.2,173
359,70.2,173
360,70.2,173
361,70.2,173
362,70.2,173
363,70.2,173
364,66.6,173.3
365,66.6,173.3
366,66.6,173.3
367,66.6,173.3
368,66.6,173.3
369,66.6,173.3
370,66.6,173.3
371,66.6,173.3
372,66.6,173.3
373,66.6,173.3
374,66.6,173.3
375,66.6,173.3
376,66.6,173.3
377,66.6,173.3
378,66.6,173.3
379,66.6,173.3
380,66.6,173.3
381,66.6,173.3
382,66.6,173.3
383,66.6,173.3
384,66.6,173.3
385,66.6,173.3
386,66.6,173.3
387,66.6,173.3
388,66.6,173.3
389,66.6,173.3
390,66.6,173.3
391,66.6,173.3
392,66.6,173.3
393,66.6,173.3
394,66.6,173.3
395,66.6,173.3
396,66.6,173.3
397,66.6,173.3
398,66.6,173.3
399,66.6,173.3
400,66.6,173.3
401,66.6,173.3
402,66.1,174.6
403,66.1,174.6
404,66.1,174.6
405,66.1,174.6
406,66.1,174.6
407,66.1,174.6
408,66.1,174.6
409,66.1,174.6
410,66.1,174.6
411,66.1,174.6
412,66.1,174.6
413,66.1,174.6
414,66.1,174.6
415,66.1,174.6
416,66.1,174.6
417,66.1,174.6
418,66.1,174.6
419,66.1,174.6
420,66.1,174.6
421,66.1,174.6
422,66.1,174.6
423,66.1,174.6
424,66.1,174.6
425,66.1,174.6
426,66.1,174.6
427,66.1,174.6
428,66.1,174.6
429,66.1,174.6
430,66.1,174.6
431,66.1,174.6
432,66.1,174.6
433,66.1,174.6
434,66.1,174.6
435,66.1,174.6
436,66.1,174.6
437,66.1,174.6
438,66.1,174.6
439,66.1,174.6
440,66.1,174.6
441,66.1,174.6
442,66.1,174.6
443,66.1,174.6
444,66.1,174.6
445,66.1,174.6
446,66.1,174.6
447,66.1,174.6
448,66.1,174.6
449,66.1,174.6
450,66.8,179.7
451,66.8,179.7
452,66.8,179.7
453,66.8,179.7
454,66.8,179.7
455,66.8,179.7
456,66.8,179.7
457,66.8,179.7
458,66.8,179.7
459,66.8,179.7
460,66.8,179.7
461,66.8,179.7
462,66.8,179.7
463,66.8,179.7
464,66.8,179.7
465,66.8,179.7
466,66.8,179.7
467,66.8,179.7
468,66.8,179.7
469,66.8,179.7
470,66.8,179.7
471,66.8,179.7
472,66.8,179.7
473,66.8,179.7
474,66.8,179.7
475,66.8,179.7
476,66.8,179.7
477,66.8,179.7
478,66.8,179.7
479,64.5,180.8
480,64.5,180.8
481,64.5,180.8
482,64.5,180.8
483,64.5,180.8
484,64.5,180.8
485,64.5,180.8
486,64.5,180.8
487,64.5,180.8
488,64.5,180.8
489,64.5,180.8
490,64.5,180.8
491,64.5,180.8
492,64.5,180.8
493,64.5,180.8
494,64.5,180.8
495,64.4,184.4
496,64.4,184.4
497,64.4,184.4
498,64.4,184.4
499,64.4,184.4
500,64.4,184.4
501,64.4,184.4
502,64.4,184.4
503,64.4,184.4
504,64.4,184.4
505,64.4,184.4
506,64.4,184.4
507,64.4,184.4
508,64.4,184.4
509,64.4,184.4
510,64.4,184.4
511,64.4,184.4
512,64.4,184.4
513,64.4,184.4
514,64.4,184.4
515,64.4,184.4
516,64.4,184.4
517,64.4,184.4
518,64.4,184.4
519,64.4,184.4
520,64.4,184.4
521,64.4,184.4
522,64.4,184.4
523,64.4,184.4
524,64.4,184.4
525,64.4,184.4
526,64.4,184.4
527,64.4,184.4
528,64.4,184.4
529,64.4,184.4
530,64.4,184.4
531,64.4,184.4
532,64.4,184.4
533,64.4,184.4
534,64.4,184.4
535,64.4,184.4
536,64.4,184.4
537,64.4,184.4
538,64.4,184.4
539,64.4,184.4
540,64.4,184.4
541,64.4,184.4
542,58.9,186.1
543,58.9,186.1
544,58.9,186.1
545,58.9,186.1
546,58.9,186.1
547,58.9,186.1
548,58.9,186.1
549,58.9,186.1
550,58.9,186.1
551,58.9,186.1
552,58.9,186.1
553,58.9,186.1
554,58.9,186.1
555,58.9,186.1
556,58.9,186.1
557,58.9,186.1
558,58.9,186.1
559,58.9,186.1
560,58.9,186.1
561,58.9,186.1
562,58.9,186.1
563,58.9,186.1
564,58.9,186.1
565,58.9,186.1
566,58.9,186.1
567,58.9,186.1
568,58.9,186.1
569,58.3,186.6
570,58.3,186.6
571,58.3,186.6
572,58.3,186.6
573,58.3,186.6
574,58.3,186.6
575,58.3,186.6
576,58.3,186.6
577,58.3,186.6
578,58.3,186.6
579,58.3,186.6
580,58.3,186.6
581,58.3,186.6
582,60.1,187.4
583,60.1,187.4
584,60.1,187.4
585,60.1,187.4
586,60.1,187.4
587,60.1,187.4
588,60.1,187.4
589,60.1,187.4
590,60.1,187.4
591,60.1,187.4
592,60.1,187.4
593,60.1,187.4
594,60.1,187.4
595,60.1,187.4
596,60.1,187.4
597,60.1,187.4
598,60.1,187.4
599,60.1,187.4
600,60.1,187.4
601,57.1,189.8
602,57.1,189.8
603,57.2,188.7
604,57.2,188.7
605,57.2,188.7
606,57.2,188.7
607,57.2,188.7
608,57.2,188.7
609,57.2,188.7
610,57.2,188.7
611,57.2,188.7
612,57.2,188.7
613,57.2,188.7
614,57.2,188.7
615,57.2,188.7
616,57.2,188.7
617,57.2,188.7
618,57.2,188.7
619,57.9,189.3
620,57.9,189.3
621,57.9,189.3
622,57.9,189.3
623,57.9,189.3
624,57.9,189.3
625,57.9,189.3
626,57.9,189.3
627,57.9,189.3
628,57.9,189.3
629,57.9,189.3
630,57.9,189.3
631,57.9,189.3
632,57.9,189.3
633,57.9,189.3
634,57.9,189.3
635,57.9,189.3
636,57.9,189.3
637,57.9,189.3
638,57.9,189.3
639,57.9,189.3
640,57.9,189.3
641,57.9,189.3
642,57.9,189.3
643,57.9,189.3
644,57.9,189.3
645,57.9,189.3
646,61.5,185.3
647,61.5,185.3
648,61.5,185.3
649,61.5,185.3
650,61.5,185.3
651,61.5,185.3
652,61.5,185.3
653,61.5,185.3
654,61.5,185.3
655,61.5,185.3
656,61.5,185.3
657,61.5,185.3
658,61.5,185.3
659,61.5,185.3
660,61.5,185.3
661,61.5,185.3
662,61.5,185.3
663,61.5,185.3
664,61.5,185.3
665,61.5,185.3
666,61.5,185.3
667,61.5,185.3
668,61.5,185.3
669,61.5,185.3
670,61.5,185.3
671,61.5,185.3
672,61.5,185.3
673,61.5,185.3
674,61.5,185.3
675,61.5,185.3
676,61.5,185.3
677,61.5,185.3
678,61.5,185.3
679,61.5,185.3
680,61.5,185.3
681,61.5,185.3
682,61.5,185.3
683,61.5,185.3
684,61.5,185.3
685,61.5,185.3
686,61.5,185.3
687,61.5,185.3
688,61.5,185.3
689,61.5,185.3
690,61.5,185.3
691,61.5,185.3
692,61.5,185.3
693,61.5,185.3
694,61.5,185.3
695,61.5,185.3
696,55.6,186
697,55.6,186
698,55.6,186
699,55.6,186
700,55.6,186
701,55.6,186
702,55.6,186
703,55.6,186
704,55.6,186
705,55.6,186
706,55.6,186
707,55.6,186
708,55.6,186
709,55.6,186
710,55.6,186
711,55.6,186
712,55.6,186
713,55.6,186
714,55.6,186
715,55.6,186
716,55.6,186
717,55.6,186
718,55.6,186
719,55.6,186
720,55.6,186
721,55.6,186
722,55.6,186
723,55.6,186
724,55.6,186
725,55.6,186
726,55.6,186
727,55.6,186
728,55.6,186
729,55.6,186
730,55.6,186
731,55.6,186
732,55.6,186
733,55.6,186
734,55.6,186
735,55.6,186
736,55.6,186
737,55.6,186
738,55.6,186
739,55.6,186
740,58.4,185.6
741,58.4,185.6
742,58.4,185.6
743,58.4,185.6
744,58.4,185.6
745,58.4,185.6
746,58.4,185.6
747,58.4,185.6
748,58.4,185.6
749,58.4,185.6
750,58.4,185.6
751,58.4,185.6
752,58.4,185.6
753,58.4,185.6
754,58.4,185.6
755,58.4,185.6
756,58.4,185.6
757,58.4,185.6
758,58.4,185.6
759,58.4,185.6
760,58.4,185.6
761,58.4,185.6
762,58.4,185.6
763,58.4,185.6
764,58.4,185.6
765,58.4,185.6
766,58.4,185.6
767,58.4,185.6
768,58.4,185.6
769,58.4,185.6
770,58.4,185.6
771,58.4,185.6
772,58.4,185.6
773,58.4,185.6
774,58.4,185.6
775,58.4,185.6
776,58.4,185.6
777,58.4,185.6
778,58.4,185.6
779,58.4,185.6
780,58.4,185.6
781,58.4,185.6
782,58.4,185.6
783,58.4,185.6
784,58.4,185.6
785,58.4,185.6
786,58.4,185.6
787,58.4,185.6
788,58.4,185.6
789,57.9,185.1
790,57.9,185.1
791,57.9,185.1
792,57.9,185.1
793,57.9,185.1
794,57.9,185.1
795,57.9,185.1
796,57.9,185.1
797,57.9,185.1
798,57.9,185.1
799,57.9,185.1
800,57.9,185.1
801,57.9,185.1
802,57.9,185.1
803,57.9,185.1
804,57.9,185.1
805,57.9,185.1
806,57.9,185.1
807,57.9,185.1
808,57.9,185.1
809,57.9,185.1
810,57.9,185.1
811,57.9,185.1
812,57.9,185.1
813,57.9,185.1
814,57.9,185.1
815,57.9,185.1
816,57.9,185.1
817,57.9,185.1
818,57.9,185.1
819,57.9,185.1
820,57.9,185.1
821,57.9,185.1
822,57.9,185.1
823,57.9,185.1
824,57.9,185.1
825,57.9,185.1
826,61,188.7
827,61,188.7
828,61,188.7
829,61,188.7
830,61,188.7
831,61,188.7
832,61,188.7
833,61,188.7
834,61,188.7
835,61,188.7
836,61,188.7
837,61,188.7
838,61,188.7
839,61,188.7
840,61,188.7
841,61,188.7
842,61,188.7
843,61,188.7
844,61,188.7
845,61,188.7
846,61,188.7
847,61,188.7
848,55.9,191
849,55.9,191
850,55.9,191
851,55.9,191
852,55.9,191
853,55.9,191
854,55.9,191
855,55.9,191
856,55.9,191
857,55.9,191
858,55.9,191
859,55.9,191
860,55.9,191
861,55.9,191
862,55.9,191
863,55.9,191
864,55.9,191
865,55.9,191
866,55.9,191
867,55.9,191
868,55.9,191
869,55.9,191
870,55.9,191
871,55.9,191
872,55.9,191
873,55.9,191
874,55.9,191
875,55.9,191
876,55.9,191
877,55.9,191
878,55.9,191
879,55.9,191
880,55.9,191
881,55.9,191
882,55.9,191
883,55.9,191
884,55.9,191
885,55.9,191
886,55.9,191
887,55.9,191
888,55.9,191
889,50.8,189.5
890,50.8,189.5
891,50.8,189.5
892,50.8,189.5
893,50.8,189.5
894,50.8,189.5
895,50.8,189.5
896,50.8,189.5
897,50.8,189.5
898,50.8,189.5
899,50.8,189.5
900,50.8,189.5
901,50.8,189.5
902,50.8,189.5
903,50.8,189.5
904,50.8,189.5
905,50.7,191.2
906,50.7,191.2
907,50.7,191.2
908,50.2,191.9
909,50.2,191.9
910,50.2,191.9
911,50.2,191.9
912,50.2,191.9
913,50.2,191.9
914,50.2,191.9
915,50.2,191.9
916,50.2,191.9
917,50.2,191.9
918,50.2,191.9
919,50.2,191.9
920,50.2,191.9
921,50.2,191.9
922,50.2,191.9
923,50.2,191.9
924,50.2,191.9
925,50.2,191.9
926,50.2,191.9
927,50.2,191.9
928,50.2,191.9
929,50.2,191.9
930,50.2,191.9
931,50.2,191.9
932,50.2,191.9
933,50.2,191.9
934,50.2,191.9
935,50.2,191.9
936,50.2,191.9
937,50,191.8
938,50,191.8
939,50,191.8
940,49.7,197
941,49.7,197
942,49.7,197
943,49.7,197
944,49.7,197
945,49.7,197
946,49.7,197
947,49.7,197
948,49.7,197
949,49.7,197
950,49.7,197
951,49.7,197
952,49.7,197
953,49.7,197
954,49.7,197
955,49.7,197
956,49.7,197
957,49.7,197
958,50.4,198.4
959,50.4,198.4
960,50.4,198.4
961,50.4,198.4
962,50.4,198.4
963,50.4,198.4
964,50.4,198.4
965,50.4,198.4
966,50.4,198.4
967,50.4,198.4
968,48.1,200.9
969,48.1,200.9
970,48.1,200.9
971,48.1,200.9
972,48.1,200.9
973,48.1,200.9
974,48.1,200.9
975,48.1,200.9
976,48.1,200.9
977,48.1,200.9
978,48.1,200.9
979,48.1,200.9
980,48.1,200.9
981,48.1,200.9
982,48.1,200.9
983,48.1,200.9
984,48.1,200.9
985,48.1,200.9
986,48.1,200.9
987,48.1,200.9
988,48.1,200.9
989,48.1,200.9
990,48.1,200.9
991,48.1,200.9
992,48.1,200.9
993,48.1,200.9
994,48.1,200.9
995,48.1,200.9
996,48.1,200.9
997,48.1,200.9
998,47.7,201.8
999,47.7,201.8
1000,47.7,201.8
1001,47.7,201.8
1002,47.7,201.8
1003,47.7,201.8
1004,47.7,201.8
1005,47.7,201.8
1006,47.7,201.8
1007,47.7,201.8
1008,47.7,201.8
1009,47.7,201.8
1010,47.7,201.8
1011,47.7,201.8
1012,47.7,201.8
1013,47.7,201.8
1014,47.7,201.8
1015,47.7,201.8
1016,47.7,201.8
1017,47.7,201.8
1018,47.7,201.8
1019,47.7,201.8
1020,47.7,201.8
1021,47.7,201.8
1022,47.7,201.8
1023,47.7,201.8
1024,47.7,201.8
1025,47.7,201.8
1026,47.7,201.8
1027,47.7,201.8
1028,47.7,201.8
1029,47.7,201.8
1030,47.7,201.8
1031,47.7,201.8
1032,47.7,201.8
1033,47.7,201.8
1034,47.7,201.8
1035,47.7,201.8
1036,47.7,201.8
1037,47.7,201.8
1038,47.7,201.8
1039,47.7,201.8
1040,47.7,201.8
1041,47.7,201.8
1042,45.8,206.8
1043,45.8,206.8
1044,45.8,206.8
1045,45.8,206.8
1046,45.8,206.8
1047,45.8,206.8
1048,45.8,206.8
1049,45.8,206.8
1050,45.8,206.8
1051,45.8,206.8
1052,45.8,206.8
1053,45.8,206.8
1054,45.8,206.8
1055,45.8,206.8
1056,45.8,206.8
1057,45.8,206.8
1058,45.8,206.8
1059,45.8,206.8
1060,45.8,206.8
1061,45.8,206.8
1062,45.8,206.8
1063,45.8,206.8
1064,45.8,206.8
1065,45.8,206.8
1066,45.8,206.8
1067,45.8,206.8
1068,45.8,206.8
1069,46,205.8
1070,46,205.8
1071,46,205.8
1072,46,205.8
1073,46,205.8
1074,46.9,209.9
1075,46.9,209.9
1076,46.9,209.9
1077,46.9,209.9
1078,46.9,209.9
1079,46.9,209.9
1080,46.9,209.9
1081,46.9,209.9
1082,46.9,209.9
1083,46.9,209.9
1084,46.9,209.9
1085,46.9,209.9
1086,46.9,209.9
1087,46.9,209.9
1088,46.9,209.9
1089,46.9,209.9
1090,46.9,209.9
1091,46.9,209.9
1092,44.1,212.5
1093,44.1,212.5
1094,44.1,212.5
1095,44.1,212.5
1096,44.1,212.5
1097,44.1,212.5
1098,44.1,212.5
1099,44.1,212.5
1100,44.1,212.5
1101,44.1,212.5
1102,44.1,212.5
1103,44.1,212.5
1104,44.1,212.5
1105,44.1,212.5
1106,44.1,212.5
1107,44.1,212.5
1108,44.3,215.8
1109,44.3,215.8
1110,44.3,215.8
1111,44.3,215.8
1112,44.3,215.8
1113,44.3,215.8
1114,44.3,215.8
1115,44.3,215.8
1116,44.3,215.8
1117,44.3,215.8
1118,44.3,215.8
1119,44.3,215.8
1120,44.3,215.8
1121,44.3,215.8
1122,44.3,215.8
1123,44.3,215.8
1124,44.3,215.8
1125,44.3,215.8
1126,44.3,215.8
1127,44.3,215.8
1128,44.3,215.8
1129,44.3,215.8
1130,44.3,215.8
1131,44.3,215.8
1132,44.3,215.8
1133,44.3,215.8
1134,41.7,217.3
1135,41.7,217.3
1136,41.7,217.3
1137,41.7,217.3
1138,41.7,217.3
1139,41.7,217.3
1140,41.7,217.3
1141,41.7,217.3
1142,41.7,217.3
1143,41.7,217.3
1144,41.7,217.3
1145,41.7,217.3
1146,41.7,217.3
1147,41.7,217.3
1148,41.7,217.3
1149,41.7,217.3
1150,41.7,217.3
1151,41.7,217.3
1152,41.7,217.3
1153,41.7,217.3
1154,41.7,217.3
1155,41.7,217.3
1156,41.7,217.3
1157,41.7,217.3
1158,43.3,217.9
1159,43.3,217.9
1160,43.3,217.9
1161,43.3,217.9
1162,43.3,217.9
1163,43.3,217.9
1164,43.3,217.9
1165,43.3,217.9
1166,43.3,217.9
1167,43.3,217.9
1168,43.3,217.9
1169,43.3,217.9
1170,43.3,217.9
1171,43.3,217.9
1172,43.3,217.9
1173,43.3,217.9
1174,43.3,217.9
1175,43.3,217.9
1176,43.3,217.9
1177,43.3,217.9
1178,43.3,217.9
1179,43.3,217.9
1180,43.3,217.9
1181,43.3,217.9
1182,43.3,217.9
1183,43.3,217.9
1184,43.3,217.9
1185,43.3,217.9
1186,43.3,217.9
1187,43.3,217.9
1188,43.3,217.9
1189,43.3,217.9
1190,43.3,217.9
1191,43.3,217.9
1192,43.3,217.9
1193,43.3,217.9
1194,43.3,217.9
1195,43.3,217.9
1196,43.3,217.9
1197,43.3,217.9
1198,43.3,217.9
1199,43.3,217.9
1200,43.3,217.9
1201,39,219.7
1202,39,219.7
1203,39,219.7
1204,39,219.7
1205,39,219.7
1206,39,219.7
1207,39,219.7
1208,39,219.7
1209,39,219.7
1210,39,219.7
1211,39,219.7
1212,39,219.7
1213,39,219.7
1214,39,219.7
1215,39,219.7
1216,39,219.7
1217,39,219.7
1218,39,219.7
1219,39,219.7
1220,39,219.7
1221,39,219.7
1222,39,219.7
1223,39,219.7
1224,39,219.7
1225,39,219.7
1226,39,219.7
1227,39,219.7
1228,39,219.7
1229,39,219.7
1230,39,219.7
1231,39,219.7
1232,39,219.7
1233,39,219.7
1234,39,219.7
1235,39,219.7
1236,39,219.7
1237,39,219.7
1238,39,219.7
1239,39,219.7
1240,39,219.7
1241,39,219.7
1242,39,219.7
1243,39,219.7
1244,39,219.7
1245,39,219.7
1246,39,219.7
1247,39,219.7
1248,39,219.7
1249,39,219.7
1250,39,219.7
1251,34.9,219.5
1252,34.9,219.5
1253,34.9,219.5
1254,34.9,219.5
1255,34.9,219.5
1256,34.9,219.5
1257,34.9,219.5
1258,34.9,219.5
1259,34.9,219.5
1260,34.9,219.5
1261,34.9,219.5
1262,34.9,219.5
1263,34.9,219.5
1264,34.9,219.5
1265,34.9,219.5
1266,34.9,219.5
1267,34.9,219.5
1268,34.9,219.5
1269,34.9,219.5
1270,34.9,219.5
1271,34.9,219.5
1272,34.9,219.5
1273,34.9,219.5
1274,34.9,219.5
1275,34.9,219.5
1276,34.9,219.5
1277,36,222.8
1278,36,222.8
1279,36,222.8
1280,36,222.8
1281,36,222.8
1282,36,222.8
1283,36,222.8
1284,36,222.8
1285,36,222.8
1286,36,222.8
1287,36,222.8
1288,36,222.8
1289,36,222.8
1290,36,222.8
1291,36,222.8
1292,36,222.8
1293,36,222.8
1294,36,222.8
1295,36,222.8
1296,36,222.8
1297,36,222.8
1298,36,222.8
1299,36,222.8
1300,36,222.8
1301,36,222.8
1302,36,222.8
1303,36,222.8
1304,36,222.8
1305,36,222.8
1306,36,222.8
1307,36,222.8
1308,36,222.8
1309,36,222.8
1310,36.4,219
1311,36.4,219
1312,36.4,219
1313,36.4,219
1314,36.4,219
1315,36.4,219
1316,36.4,219
1317,36.4,219
1318,36.4,219
1319,36.4,219
1320,36.4,219
1321,36.4,219
1322,36.4,219
1323,36.4,219
1324,36.4,219
1325,36.4,219
1326,36.4,219
1327,36.4,219
1328,36.4,219
1329,36.4,219
1330,36.4,219
1331,36.4,219
1332,36.4,219
1333,36.4,219
1334,36.4,219
1335,36.4,219
1336,36.4,219
1337,36.4,219
1338,36.4,219
1339,36.4,219
1340,36.4,219
1341,36.4,219
1342,36.4,219
1343,36.4,219
1344,36.4,219
1345,36.4,219
1346,36.4,219
1347,36.4,219
1348,32.4,221.6
1349,32.4,221.6
1350,32.4,221.6
1351,32.4,221.6
1352,32.4,221.6
1353,32.4,221.6
1354,32.4,221.6
1355,32.4,221.6
1356,32.4,221.6
1357,32.4,221.6
1358,32.4,221.6
1359,32.4,221.6
1360,32.4,221.6
1361,32.4,221.6
1362,32.4,221.6
1363,32.4,221.6
1364,32.4,221.6
1365,32.4,221.6
1366,32.4,221.6
1367,32.4,221.6
1368,32.4,221.6
1369,32.4,221.6
1370,32.4,221.6
1371,32.4,221.6
1372,32.4,221.6
1373,32.4,221.6
1374,32.4,221.6
1375,32.4,221.6
1376,32.4,221.6
1377,32.4,221.6
1378,32.4,221.6
1379,32.4,221.6
1380,32.4,221.6
1381,32.4,221.6
1382,32.4,221.6
1383,32.4,221.6
1384,32.4,221.6
1385,32.4,221.6
1386,28.7,223.7
1387,28.7,223.7
1388,28.7,223.7
1389,28.7,223.7
1390,28.7,223.7
1391,28.7,223.7
1392,28.7,223.7
1393,29.4,224.2
1394,29.4,224.2
1395,29.4,224.2
1396,29.4,224.2
1397,29.4,224.2
1398,29.4,224.2
1399,29.4,224.2
1400,29.4,224.2
1401,29.4,224.2
1402,29.4,224.2
1403,29.4,224.2
1404,29.4,224.2
1405,29.4,224.2
1406,29.4,224.2
1407,29.4,224.2
1408,29.4,224.2
1409,29.4,224.2
1410,30.6,228.1
1411,30.6,228.1
1412,30.6,228.1
1413,30.6,228.1
1414,30.6,228.1
1415,30.6,228.1
1416,30.6,228.1
1417,30.6,228.1
1418,30.6,228.1
1419,30.6,228.1
1420,30.6,228.1
1421,30.6,228.1
1422,30.6,228.1
1423,30.6,228.1
1424,30.6,228.1
1425,30.6,228.1
1426,30.6,228.1
1427,30.6,228.1
1428,30.6,228.1
1429,30.6,228.1
1430,30.6,228.1
1431,27.3,229.9
1432,27.3,229.9
1433,27.3,229.9
1434,27.3,229.9
1435,27.3,229.9
1436,27.3,229.9
1437,27.3,229.9
1438,27.3,229.9
1439,27.3,229.9
1440,27.3,229.9
1441,27.3,229.9
1442,27.3,229.9
1443,27.3,229.9
1444,27.3,229.9
1445,27.3,229.9
1446,27.3,229.9
1447,27.3,229.9
1448,27.3,229.9
1449,27.3,229.9
1450,27.3,229.9
1451,27.3,229.9
1452,27.3,229.9
1453,27.3,229.9
1454,27.3,229.9
1455,28,228.4
1456,28,228.4
1457,28,228.4
1458,28.6,231.9
1459,28.6,231.9
1460,28.6,231.9
1461,28.6,231.9
1462,28.6,231.9
1463,28.6,231.9
1464,28.6,231.9
1465,28.6,231.9
1466,28.6,231.9
1467,28.6,231.9
1468,28.6,231.9
1469,28.6,231.9
1470,28.6,231.9
1471,28.6,231.9
1472,28.6,231.9
1473,28.6,231.9
1474,28.6,231.9
1475,28.6,231.9
1476,30.2,232.7
1477,30.2,232.7
1478,30.2,232.7
1479,30.2,232.7
1480,30.2,232.7
1481,30.2,232.7
1482,30.2,232.7
1483,30.2,232.7
1484,30.2,232.7
1485,30.2,232.7
1486,30.2,232.7
1487,30.2,232.7
1488,30.2,232.7
1489,30.2,232.7
1490,30.2,232.7
1491,30.2,232.7
1492,30.2,232.7
1493,30.2,232.7
1494,30.2,232.7
1495,30.2,232.7
1496,30.2,232.7
1497,30.2,232.7
1498,30.2,232.7
1499,30.2,232.7
1500,30.2,232.7
1501,30.2,232.7
1502,30.2,232.7
1503,32.6,233.5
1504,32.6,233.5
1505,32.6,233.5
1506,32.6,233.5
1507,32.6,233.5
1508,32.6,233.5
1509,32.6,233.5
1510,32.6,233.5
1511,32.6,233.5
1512,32.6,233.5
1513,32.6,233.5
1514,32.6,233.5
1515,32.6,233.5
1516,32.6,233.5
1517,32.6,233.5
1518,32.6,233.5
1519,32.6,233.5
1520,32.6,233.5
1521,32.6,233.5
1522,32.6,233.5
1523,32.6,233.5
1524,32.6,233.5
1525,32.6,233.5
1526,32.6,233.5
1527,32.6,233.5
1528,32.6,233.5
1529,32,236.9
1530,32,236.9
1531,32,236.9
1532,32,236.9
1533,32,236.9
1534,32,236.9
1535,32,236.9
1536,32,236.9
1537,32,236.9
1538,32,236.9
1539,32,236.9
1540,32,236.9
1541,32,236.9
1542,32,236.9
1543,32,236.9
1544,31.6,237.3
1545,31.6,237.3
1546,31.6,237.3
1547,31.6,237.3
1548,31.6,237.3
1549,31.9,239.4
1550,31.9,239.4
1551,31.9,239.4
1552,31.9,239.4
1553,31.9,239.4
1554,31.9,239.4
1555,31.9,239.4
1556,31.9,239.4
1557,31.9,239.4
1558,31.9,239.4
1559,31.9,239.4
1560,31.9,239.4
1561,31.9,239.4
1562,31.9,239.4
1563,31.9,239.4
1564,31.9,239.4
1565,31.9,239.4
1566,31.9,239.4
1567,31.9,239.4
1568,31.9,239.4
1569,31.9,239.4
1570,31.9,239.4
1571,31.9,239.4
1572,31.9,239.4
1573,31.9,239.4
1574,31.9,239.4
1575,31.9,239.4
1576,31.9,239.4
1577,31.9,239.4
1578,31.9,239.4
1579,31.9,239.4
1580,31.9,239.4
1581,31.9,239.4
1582,31.9,239.4
1583,31.9,239.4
1584,31.9,239.4
1585,31.9,239.4
1586,31.9,239.4
1587,31.9,239.4
1588,31.9,239.4
1589,31.9,239.4
1590,31.9,239.4
1591,31.9,239.4
1592,31.9,239.4
1593,28.3,240.3
1594,28.3,240.3
1595,28.3,240.3
1596,28.3,240.3
1597,28.3,240.3
1598,28.3,240.3
1599,28.3,240.3
1600,28.3,240.3
1601,28.3,240.3
1602,28.3,240.3
1603,28.3,240.3
1604,28.3,240.3
1605,28.3,240.3
1606,28.3,240.3
1607,28.3,240.3
1608,28.3,240.3
1609,28.3,240.3
1610,28.3,240.3
1611,28.3,240.3
1612,28.3,240.3
1613,28.3,240.3
1614,28.3,240.3
1615,28.3,240.3
1616,28.3,240.3
1617,28.3,240.3
1618,28.3,240.3
1619,28.3,240.3
1620,29.7,242.4
1621,29.7,242.4
1622,29.7,242.4
1623,29.7,242.4
1624,29.7,242.4
1625,29.7,242.4
1626,29.7,242.4
1627,29.7,242.4
1628,29.7,242.4
1629,29.7,242.4
1630,29.7,242.4
1631,29.7,242.4
1632,29.7,242.4
1633,29.7,242.4
1634,29.7,242.4
1635,29.7,242.4
1636,29.7,242.4
1637,29.7,242.4
1638,29.7,242.4
1639,29.7,242.4
1640,29.7,242.4
1641,29.7,242.4
1642,29.7,242.4
1643,29.7,242.4
1644,29.7,242.4
1645,29.7,242.4
1646,29.7,242.4
1647,29.7,242.4
1648,29.7,242.4
1649,29.7,242.4
1650,29.7,242.4
1651,27.9,243.8
1652,27.9,243.8
1653,27.9,243.8
1654,27.9,243.8
1655,27.9,243.8
1656,27.9,243.8
1657,27.9,243.8
1658,27.9,243.8
1659,27.9,243.8
1660,27.9,243.8
1661,27.9,243.8
1662,27.9,243.8
1663,27.9,243.8
1664,27.9,243.8
1665,27.9,243.8
1666,27.9,243.8
1667,27.9,243.8
1668,27.9,243.8
1669,27.9,243.8
1670,27.9,243.8
1671,27.9,243.8
1672,27.9,243.8
1673,27.9,243.8
1674,27.9,243.8
1675,27.9,243.8
1676,27.9,243.8
1677,27.9,243.8
1678,27.9,243.8
1679,27.9,243.8
1680,27.9,243.8
1681,27.9,243.8
1682,26.7,246.2
1683,26.7,246.2
1684,26.7,246.2
1685,26.7,246.2
1686,26.7,246.2
1687,26.7,246.2
1688,26.7,246.2
1689,26.7,246.2
1690,26.7,246.2
1691,26.7,246.2
1692,26.7,246.2
1693,26.7,246.2
1694,26.7,246.2
1695,26.7,246.2
1696,26.7,246.2
1697,26.7,246.2
1698,26.7,246.2
1699,26.7,246.2
1700,26.7,246.2
1701,26.7,246.2
1702,26.7,246.2
1703,26.7,246.2
1704,26.7,246.2
1705,26.7,246.2
1706,26.7,246.2
1707,26.7,246.2
1708,26.7,248.9
1709,26.7,248.9
1710,26.7,248.9
1711,26.7,248.9
1712,26.7,248.9
1713,26.7,248.9
1714,26.7,248.9
1715,26.7,248.9
1716,26.7,248.9
1717,26.7,248.9
1718,26.7,248.9
1719,26.7,248.9
1720,26.7,248.9
1721,26.7,248.9
1722,26.7,248.9
1723,26.7,248.9
1724,26.7,248.9
1725,26.7,248.9
1726,26.7,248.9
1727,26.7,248.9
1728,26.7,248.9
1729,26.7,248.9
1730,26,253.6
1731,26,253.6
1732,26,253.6
1733,26,253.6
1734,26,253.6
1735,26,253.6
1736,26,253.6
1737,26,253.6
1738,26,253.6
1739,26,253.6
1740,26,253.6
1741,26,253.6
1742,26,253.6
1743,26,253.6
1744,26,253.6
1745,26,253.6
1746,26,253.6
1747,26,253.6
1748,26,253.6
1749,26,253.6
1750,26,253.6
1751,26,253.6
1752,26,253.6
1753,26,253.6
1754,26,253.6
1755,26,253.6
1756,26,253.6
1757,26,253.6
1758,26,253.6
1759,26,253.6
1760,26,253.6
1761,26,253.6
1762,26,253.6
1763,26,253.6
1764,26,253.6
1765,26,253.6
1766,30.5,253.9
1767,30.5,253.9
1768,30.5,253.9
1769,30.5,253.9
1770,30.5,253.9
1771,30.5,253.9
1772,30.5,253.9
1773,30.5,253.9
1774,30.5,253.9
1775,30.5,253.9
1776,30.5,253.9
1777,30.5,253.9
1778,30.5,253.9
1779,30.5,253.9
1780,30.5,253.9
1781,30.5,253.9
1782,30.5,253.9
1783,28.7,254.3
1784,28.7,254.3
1785,28.7,254.3
1786,28.7,254.3
1787,28.7,254.3
1788,28.7,254.3
1789,28.7,254.3
1790,28.7,254.3
1791,28.7,254.3
1792,28.7,254.3
1793,28.7,254.3
1794,28.7,254.3
1795,28.7,254.3
1796,28.7,254.3
1797,28.7,254.3
1798,28.7,254.3
1799,28.7,254.3
1800,28.7,254.3
1801,28.7,254.3
1802,28.7,254.3
1803,28.7,254.3
1804,28.7,254.3
1805,28.7,254.3
1806,28.7,254.3
1807,28.7,254.3
1808,28.7,254.3
1809,28.7,254.3
1810,28.7,254.3
1811,28.7,254.3
1812,28.7,254.3
1813,28.7,254.3
1814,28.7,254.3
1815,28.7,254.3
1816,28.7,254.3
1817,28.4,258
1818,28.4,258
1819,28.4,258
1820,28.4,258
1821,28.4,258
1822,28.4,258
1823,28.4,258
1824,28.1,258.3
1825,28.1,258.3
1826,28.1,258.3
1827,28.1,258.3
1828,28.1,258.3
1829,28.1,258.3
1830,28.1,258.3
1831,28.1,258.3
1832,28.1,258.3
1833,28.1,258.3
1834,28.1,258.3
1835,28.1,258.3
1836,28.1,258.3
1837,28.1,258.3
1838,28.1,258.3
1839,28.1,258.3
1840,28.1,258.3
1841,28.1,258.3
1842,28.1,258.3
1843,28.1,258.3
1844,28.1,258.3
1845,28.1,258.3
1846,28.1,258.3
1847,28.1,258.3
1848,26.3,258.9
1849,26.3,258.9
1850,26.3,258.9
1851,26.3,258.9
1852,26.3,258.9
1853,26.3,258.9
1854,26.3,258.9
1855,26.3,258.9
1856,26.3,258.9
1857,26.3,258.9
1858,26.3,258.9
1859,26.7,265.2
1860,26.7,265.2
1861,26.7,265.2
1862,26.7,265.2
1863,26.7,265.2
1864,26.7,265.2
1865,26.7,265.2
1866,26.7,265.2
1867,26.7,265.2
1868,26.7,265.2
1869,26.7,265.2
1870,26.7,265.2
1871,26.7,265.2
1872,26.7,265.2
1873,26.7,265.2
1874,26.7,265.2
1875,26.7,265.2
1876,26.7,265.2
1877,26.7,265.2
1878,26.7,265.2
1879,27.2,270.1
1880,27.2,270.1
1881,27.2,270.1
1882,27.2,270.1
1883,27.2,270.1
1884,27.2,270.1
1885,27.2,270.1
1886,27.2,270.1
1887,27.2,270.1
1888,27.2,270.1
1889,27.2,270.1
1890,27.2,270.1
1891,27.2,270.1
1892,27.2,270.1
1893,27.2,270.1
1894,27.2,270.1
1895,27.2,270.1
1896,27.2,270.1
1897,27.2,270.1
1898,27.2,270.1
1899,27.2,270.1
1900,27.2,270.1
1901,27.2,270.1
1902,27.2,270.1
1903,27.2,270.1
1904,27.2,270.1
1905,27.2,270.1
1906,27.2,270.1
1907,27.8,272.9
1908,27.8,272.9
1909,27.8,272.9
1910,27.8,272.9
1911,27.8,272.9
1912,27.8,272.9
1913,27.8,272.9
1914,27.8,272.9
1915,27.8,272.9
1916,27.8,272.9
1917,27.8,272.9
1918,27.8,272.9
1919,27.8,272.9
1920,27.8,272.9
1921,27.8,272.9
1922,27.8,272.9
1923,27.8,272.9
1924,27.8,272.9
1925,27.8,272.9
1926,27.8,272.9
1927,28.1,274.8
1928,28.1,274.8
1929,28.1,274.8
1930,28.1,274.8
1931,28.1,274.8
1932,28.1,274.8
1933,28.1,274.8
1934,28.1,274.8
1935,28.1,274.8
1936,28.1,274.8
1937,28.1,274.8
1938,28.1,274.8
1939,28.1,274.8
1940,28.1,274.8
1941,28.1,274.8
1942,28.1,274.8
1943,28.1,274.8
1944,28.1,274.8
1945,28.1,274.8
1946,28.1,274.8
1947,28.1,274.8
1948,28.1,274.8
1949,28.1,274.8
1950,28.1,274.8
1951,28.1,274.8
1952,28.1,274.8
1953,28.1,274.8
1954,28.1,274.8
1955,28.1,274.8
1956,28.1,274.8
1957,28.1,274.8
1958,28.1,274.8
1959,28.1,274.8
1960,28.1,274.8
1961,28.1,274.8
1962,28.1,274.8
1963,28.1,274.8
1964,28.1,274.8
1965,28.1,274.8
1966,28.1,274.8
1967,28.1,274.8
1968,28.1,274.8
1969,28.1,274.8
1970,28.1,274.8
1971,28.1,274.8
1972,28.1,274.8
1973,28.1,274.8
1974,28.1,274.8
1975,28.1,274.8
1976,28.5,303.7
1977,28.5,303.7
1978,28.5,303.7
1979,28.5,303.7
1980,28.5,303.7
1981,28.5,303.7
1982,28.5,303.7
1983,28.5,303.7
1984,28.5,303.7
1985,28.5,303.7
1986,28.5,303.7
1987,28.5,303.7
1988,28.5,303.7
1989,28.5,303.7
1990,28.5,303.7
1991,28.5,303.7
1992,28.5,303.7
1993,28.5,303.7
1994,28.5,303.7
1995,28.5,303.7
1996,28.5,303.7
1997,28.5,303.7
1998,28.5,303.7
1999,28.5,303.7
2000,28.5,303.7
2001,28.5,303.7
2002,28.5,303.7
2003,28.5,303.7
2004,28.5,303.7
2005,28.5,303.7
2006,28.5,303.7
2007,28.5,303.7
2008,28.5,303.7
2009,28.5,303.7
2010,28.5,303.7
2011,28.5,303.7
2012,28.5,303.7
2013,28.5,303.7
2014,28.5,303.7
2015,28.5,303.7
2016,28.5,303.7
2017,28.5,303.7
2018,28.5,303.7
2019,28.5,303.7
2020,28.5,303.7
2021,27.8,292.5
2022,27.8,292.5
2023,27.8,292.5
2024,27.8,292.5
2025,27.8,292.5
2026,27.8,292.5
2027,27.8,292.5
2028,27.8,292.5
2029,27.8,292.5
2030,27.8,292.5
2031,27.8,292.5
2032,27.8,292.5
2033,27.8,292.5
2034,27.8,292.5
2035,27.8,292.5
2036,27.8,292.5
2037,27.8,292.5
2038,27.8,292.5
2039,27.8,292.5
2040,27.8,292.5
2041,27.8,292.5
2042,27.8,292.5
2043,27.8,292.5
2044,27.8,292.5
2045,27.8,292.5
2046,27.8,292.5
2047,27.8,292.5
2048,27.8,292.5
2049,27.8,292.5
2050,27.8,292.5
2051,27.8,292.5
2052,27.8,292.5
2053,27.8,292.5
2054,27.8,292.5
2055,27.8,292.5
2056,27.8,292.5
2057,27.8,292.5
2058,27.8,292.5
2059,27.8,292.5
2060,27.8,292.5
2061,27.8,292.5
2062,27.8,292.5
2063,27.8,292.5
2064,27.8,292.5
2065,27.8,292.5
2066,27.8,292.5
2067,28.5,286
2068,28.5,286
2069,28.5,286
2070,28.5,286
2071,28.5,286
2072,28.5,286
2073,28.5,286
2074,28.5,286
2075,28.5,286
2076,28.5,286
2077,28.5,286
2078,28.5,286
2079,28.5,286
2080,28.5,286
2081,28.5,286
2082,28.5,286
2083,28.5,286
2084,28.5,286
2085,28.5,286
2086,28.5,286
2087,28.5,286
2088,28.5,286
2089,28.5,286
2090,28.5,286
2091,28.5,286
2092,30.5,281.8
2093,30.5,281.8
2094,30.5,281.8
2095,30.5,281.8
2096,30.5,281.8
2097,30.5,281.8
2098,30.5,281.8
2099,30.5,281.8
2100,30.5,281.8
2101,30.5,281.8
2102,30.5,281.8
2103,30.5,281.8
2104,30.5,281.8
2105,30.5,281.8
2106,30.5,281.8
2107,30.5,281.8
2108,30.5,281.8
2109,30.5,281.8
2110,30.5,281.8
2111,30.5,281.8
2112,30.5,281.8
2113,30.5,281.8
2114,30.5,281.8
2115,30.5,281.8
2116,30.5,281.8
2117,30.5,281.8
2118,30.5,281.8
2119,30.5,281.8
2120,30.5,281.8
2121,30.5,281.8
2122,30.5,281.8
2123,30.5,281.8
2124,30.5,281.8
2125,30.5,281.8
2126,30.5,281.8
2127,30.5,281.8
2128,30.5,281.8
2129,30.5,281.8
2130,30.5,281.8
2131,30.5,281.8
2132,30.5,281.8
2133,30.5,281.8
2134,30.5,281.8
2135,30.5,281.8
2136,30.5,281.8
2137,30.5,281.8
2138,30.5,281.8
2139,30.5,281.8
2140,31.8,276.2
2141,31.8,276.2
2142,31.8,276.2
2143,31.8,276.2
2144,31.8,276.2
2145,31.8,276.2
2146,31.8,276.2
2147,31.8,276.2
2148,31.8,276.2
2149,31.8,276.2
2150,31.8,276.2
2151,31.8,276.2
2152,31.8,276.2
2153,31.8,276.2
2154,31.8,276.2
2155,31.8,276.2
2156,31.8,276.2
2157,31.8,276.2
2158,31.8,276.2
2159,31.8,276.2
2160,31.8,276.2
2161,31.8,276.2
2162,31.8,276.2
2163,31.8,276.2
2164,31.8,276.2
2165,31.8,276.2
2166,31.8,276.2
2167,31.8,276.2
2168,31.8,276.2
2169,31.8,276.2
2170,31.8,276.2
2171,31.8,276.2
2172,31.8,276.2
2173,31.8,276.2
2174,31.8,276.2
2175,31.8,276.2
2176,31.8,276.2
2177,31.8,276.2
2178,31.8,276.2
2179,36.4,276.2
2180,36.4,276.2
2181,36.4,276.2
2182,36.4,276.2
2183,36.4,276.2
2184,36.4,276.2
2185,36.4,276.2
2186,36.4,276.2
2187,36.4,276.2
2188,36.4,276.2
2189,36.4,276.2
2190,36.4,276.2
2191,36.4,276.2
2192,36.4,276.2
2193,37.1,273.5
2194,37.1,273.5
2195,37.1,273.5
2196,37.1,273.5
2197,37.1,273.5
2198,37.1,273.5
2199,37.1,273.5
2200,37.1,273.5
2201,37.1,273.5
2202,37.1,273.5
2203,37.1,273.5
2204,37.1,273.5
2205,37.1,273.5
2206,37.1,273.5
2207,37.1,273.5
2208,37.1,273.5
2209,37.1,273.5
2210,37.1,273.5
2211,37.1,273.5
2212,37.1,273.5
2213,37.1,273.5
2214,37.1,273.5
2215,37.1,273.5
2216,37.1,273.5
2217,37.1,273.5
2218,37.1,273.5
2219,37.1,273.5
2220,37.1,273.5
2221,37.1,273.5
2222,37.1,273.5
2223,37.1,273.5
2224,37.1,273.5
2225,37.1,273.5
2226,37.1,273.5
2227,37.1,273.5
2228,37.1,273.5
2229,37.1,273.5
2230,37.1,273.5
2231,37.1,273.5
2232,35,268.9
2233,35,268.9
2234,35,268.9
2235,35,268.9
2236,35,268.9
2237,35,268.9
2238,35,268.9
2239,35,268.9
2240,35,268.9
2241,35,268.9
2242,35,268.9
2243,35,268.9
2244,35,268.9
2245,35,268.9
2246,35,268.9
2247,35,268.9
2248,35,268.9
2249,35,268.9
2250,35,268.9
2251,35,268.9
2252,35,268.9
2253,35,268.9
2254,33.9,263.2
2255,33.9,263.2
2256,33.9,263.2
2257,33.9,263.2
2258,33.9,263.2
2259,33.9,263.2
2260,33.9,263.2
2261,33.9,263.2
2262,33.9,263.2
2263,33.9,263.2
2264,33.9,263.2
2265,33.9,263.2
2266,33.9,263.2
2267,33.9,263.2
2268,33.9,263.2
2269,33.9,263.2
2270,33.9,263.2
2271,33.9,263.2
2272,33.9,263.2
2273,33.9,263.2
2274,33.9,263.2
2275,33.9,263.2
2276,33.9,263.2
2277,33.9,263.2
2278,33.9,263.2
2279,33.9,263.2
2280,33.9,263.2
2281,33.9,263.2
2282,33.9,263.2
2283,33.9,263.2
2284,33.9,263.2
2285,33.9,263.2
2286,33.9,263.2
2287,33.9,263.2
2288,33.9,263.2
2289,33.1,261.6
2290,33.1,261.6
2291,33.1,261.6
2292,33.1,261.6
2293,33.1,261.6
2294,33.1,261.6
2295,33.2,259.9
2296,33.2,259.9
2297,33.2,259.9
2298,33.2,259.9
2299,33.2,259.9
2300,33.2,259.9
2301,33.2,259.9
2302,33.2,259.9
2303,33.2,259.9
2304,33.2,259.9
2305,33.2,259.9
2306,33.2,259.9
2307,33.2,259.9
2308,33.2,259.9
2309,33.2,259.9
2310,33.2,259.9
2311,33.2,259.9
2312,33.2,259.9
2313,33.2,259.9
2314,33.2,259.9
2315,33.2,259.9
2316,33.2,259.9
2317,33.2,259.9
2318,33.2,259.9
2319,33.2,259.9
2320,33.2,259.9
2321,33.2,259.9
2322,33.2,259.9
2323,33.2,259.9
2324,33.2,259.9
2325,33.2,259.9
2326,33.2,259.9
2327,33.2,259.9
2328,33.2,259.9
2329,33.2,259.9
2330,34,254.9
2331,34,254.9
2332,34,254.9
2333,34,254.9
2334,34,254.9
2335,34,254.9
2336,34,254.9
2337,34,254.9
2338,34,254.9
2339,34.3,251.1
2340,34.3,251.1
2341,34.3,251.1
2342,34.3,251.1
2343,34.3,251.1
2344,34.3,251.1
2345,34.3,251.1
2346,34.3,251.1
2347,34.3,251.1
2348,34.3,251.1
2349,34.3,251.1
2350,34.3,251.1
2351,34.3,251.1
2352,34.3,251.1
2353,34.3,251.1
2354,34.3,251.1
2355,34.3,251.1
2356,34.3,251.1
2357,34.3,251.1
2358,34.3,251.1
2359,34.3,251.1
2360,34.3,251.1
2361,34.3,251.1
2362,34.3,251.1
2363,34.3,251.1
2364,34.3,251.1
2365,34.3,251.1
2366,34.3,251.1
2367,34.3,251.1
2368,34.3,251.1
2369,34.3,251.1
2370,34.3,251.1
2371,34.3,251.1
2372,34.3,251.1
2373,34.3,251.1
2374,34.3,251.1
2375,34.3,251.1
2376,34.3,251.1
2377,34.3,251.1
2378,34.3,251.1
2379,34.3,251.1
2380,34.3,251.1
2381,34.3,251.1
2382,34.3,251.1
2383,35.9,249
2384,35.9,249
2385,35.9,249
2386,36.2,247.4
2387,36.2,247.4
2388,36.2,247.4
2389,36.2,247.4
2390,36.2,247.4
2391,36.2,247.4
2392,36.2,247.4
2393,36.2,247.4
2394,36.2,247.4
2395,36.2,247.4
2396,36.2,247.4
2397,36.2,247.4
2398,36.2,247.4
2399,36.2,247.4
2400,36.2,247.4
2401,36.2,247.4
2402,36.2,247.4
2403,36.2,247.4
2404,36.2,247.4
2405,36.2,247.4
2406,36.2,247.4
2407,36.2,247.4
2408,36.2,247.4
2409,36.2,247.4
2410,36.2,247.4
2411,36.2,247.4
2412,36.2,247.4
2413,36.2,247.4
2414,36.2,247.4
2415,36.2,247.4
2416,36.2,247.4
2417,33.8,240.7
2418,33.8,240.7
2419,33.8,240.7
2420,33.8,240.7
2421,33.8,240.7
2422,33.8,240.7
2423,33.8,240.7
2424,33.8,240.7
2425,33.8,240.7
2426,33.8,240.7
2427,33.8,240.7
2428,33.8,240.7
2429,33.8,240.7
2430,33.8,240.7
2431,33.8,240.7
2432,33.8,240.7
2433,33.8,240.7
2434,33.8,240.7
2435,33.8,240.7
2436,33.8,240.7
2437,33.8,240.7
2438,33.8,240.7
2439,33.8,240.7
2440,33.8,240.7
2441,33.8,240.7
2442,35.5,238.8
2443,35.5,238.8
2444,35.5,238.8
2445,35.5,238.8
2446,35.5,238.8
2447,35.5,238.8
2448,35.5,238.8
2449,35.5,238.8
2450,35.5,238.8
2451,35.5,238.8
2452,35.5,238.8
2453,35.5,238.8
2454,35.5,238.8
2455,35.5,238.8
2456,35.5,238.8
2457,35.5,238.8
2458,35.5,238.8
2459,35.5,238.8
2460,35.5,238.8
2461,35.5,238.8
2462,35.5,238.8
2463,35.5,238.8
2464,35.5,238.8
2465,35.5,238.8
2466,35.5,238.8
2467,35.5,238.8
2468,35.5,238.8
2469,35.5,238.8
2470,35.5,238.8
2471,36.9,237.7
2472,36.9,237.7
2473,36.9,237.7
2474,36.9,237.7
2475,36.9,237.7
2476,36.9,237.7
2477,36.9,237.7
2478,36.9,237.7
2479,36.9,237.7
2480,36.9,237.7
2481,36.9,237.7
2482,36.9,237.7
2483,36.9,237.7
2484,36.9,237.7
2485,36.9,237.7
2486,36.9,237.7
2487,36.9,237.7
2488,36.9,237.7
2489,36.9,237.7
2490,36.9,237.7
2491,36.9,237.7
2492,36.9,237.7
2493,36.9,237.7
2494,36.7,231
2495,36.7,231
2496,36.7,231
2497,36.7,231
2498,36,230.9
2499,36,230.9
2500,36.6,229.6
2501,36.6,229.6
2502,36.6,229.6
2503,36.6,229.6
2504,36.6,229.6
2505,36.6,229.6
2506,36.6,229.6
2507,36.6,229.6
2508,36.6,229.6
2509,36.6,229.6
2510,36.6,229.6
2511,36.6,229.6
2512,36.6,229.6
2513,36.6,229.6
2514,36.6,229.6
2515,36.6,229.6
2516,36.6,229.6
2517,37.7,229.3
2518,37.7,229.3
2519,37.7,229.3
2520,37.7,229.3
2521,37.7,229.3
2522,37.7,229.3
2523,37.7,229.3
2524,37.7,229.3
2525,37.7,229.3
2526,37.7,229.3
2527,37.7,229.3
2528,37.7,229.3
2529,37.7,229.3
2530,37.7,229.3
2531,37.7,229.3
2532,37.7,229.3
2533,37.7,229.3
2534,37.7,229.3
2535,37.7,229.3
2536,37.7,229.3
2537,37.7,229.3
2538,37.7,229.3
2539,37.7,229.3
2540,37.7,229.3
2541,37.7,229.3
2542,37.7,229.3
2543,37.7,229.3
2544,37.7,229.3
2545,37.7,229.3
2546,37.7,229.3
2547,37.7,229.3
2548,37.7,229.3
2549,37.7,229.3
2550,37.7,229.3
2551,37.7,229.3
2552,37.7,229.3
2553,37.7,229.3
2554,37.7,229.3
2555,37.7,229.3
2556,37.7,229.3
2557,37.7,229.3
2558,37.7,229.3
2559,37.7,229.3
2560,37.7,229.3
2561,37.7,229.3
2562,37.7,229.3
2563,37.7,229.3
2564,37.7,229.3
2565,44.2,226
2566,44.2,226
2567,44.2,226
2568,44.2,226
2569,44.2,226
2570,44.2,226
2571,44.2,226
2572,44.2,226
2573,44.2,226
2574,44.2,226
2575,44.2,226
2576,44.2,226
2577,44.2,226
2578,44.2,226
2579,44.2,226
2580,44.2,226
2581,44.2,226
2582,44.2,226
2583,44.2,226
2584,44.2,226
2585,44.2,226
2586,44.2,226
2587,44.2,226
2588,44.2,226
2589,44.2,226
2590,44.2,226
2591,44.2,226
2592,44.2,226
2593,44.2,226
2594,44.2,226
2595,44.2,226
2596,44.2,226
2597,44.2,226
2598,44.2,226
2599,44.2,226
2600,43.5,219.9
2601,43.5,219.9
2602,43.5,219.9
2603,43.5,219.9
2604,43.5,219.9
2605,43.5,219.9
2606,43.5,219.9
2607,43.5,219.9
2608,43.5,219.9
2609,43.5,219.9
2610,43.5,219.9
2611,43.5,219.9
2612,43.5,219.9
2613,43.5,219.9
2614,43.5,219.9
2615,43.5,219.9
2616,43.5,219.9
2617,43.5,219.9
2618,43.5,219.9
2619,43.5,219.9
2620,43.5,219.9
2621,43.5,219.9
2622,43.5,219.9
2623,43.5,219.9
2624,43.5,219.9
2625,43.5,219.9
2626,43.5,219.9
2627,43.5,219.9
2628,43.5,219.9
2629,43.5,219.9
2630,43.5,219.9
2631,43.5,219.9
2632,43.5,219.9
2633,43.5,219.9
2634,43.5,219.9
2635,43.5,219.9
2636,43.5,219.9
2637,43.5,219.9
2638,43.5,219.9
2639,43.5,219.9
2640,43.5,219.9
2641,43.5,219.9
2642,43.5,219.9
2643,41.7,214.4
2644,41.7,214.4
2645,41.7,214.4
2646,41.7,214.4
2647,41.7,214.4
2648,41.7,214.4
2649,41.7,214.4
2650,41.7,214.4
2651,41.7,214.4
2652,41.7,214.4
2653,41.7,214.4
2654,41.7,214.4
2655,42.4,213.5
2656,42.4,213.5
2657,42.4,213.5
2658,42.4,213.5
2659,42.4,213.5
2660,42.4,213.5
2661,42.4,213.5
2662,42.4,213.5
2663,42.4,213.5
2664,42.4,213.5
2665,42.4,213.5
2666,42.4,213.5
2667,42.4,213.5
2668,42.4,213.5
2669,42.4,213.5
2670,42.4,213.5
2671,42.4,213.5
2672,42.4,213.5
2673,42.4,213.5
2674,42.4,213.5
2675,42.4,213.5
2676,42.4,213.5
2677,42.4,213.5
2678,42.4,213.5
2679,42.4,213.5
2680,42.4,213.5
2681,42.4,213.5
2682,42.4,213.5
2683,42.4,213.5
2684,42.4,213.5
2685,42.4,213.5
2686,42.4,213.5
2687,42.4,213.5
2688,42.4,213.5
2689,42.4,213.5
2690,42.4,213.5
2691,42.4,213.5
2692,42.4,213.5
2693,42.4,213.5
2694,42.4,213.5
2695,42.4,213.5
2696,42.6,205.9
2697,42.6,205.9
2698,42.6,205.9
2699,42.6,205.9
2700,42.6,205.9
2701,42.6,205.9
2702,42.6,205.9
2703,42.6,205.9
2704,42.6,205.9
2705,42.6,205.9
2706,42.6,205.9
2707,42.6,205.9
2708,42.6,205.9
2709,42.6,205.9
2710,42.6,205.9
2711,42.6,205.9
2712,42.6,205.9
2713,42.6,205.9
2714,42.6,205.9
2715,42.6,205.9
2716,42.6,205.9
2717,42.6,205.9
2718,42.6,205.9
2719,42.6,205.9
2720,42.6,205.9
2721,42.6,205.9
2722,42.6,205.9
2723,42.6,205.9
2724,42.6,205.9
2725,42.6,205.9
2726,42.6,205.9
2727,42.6,205.9
2728,42.6,205.9
2729,42.6,205.9
2730,42.6,205.9
2731,42.6,205.9
2732,42.6,205.9
2733,42.6,205.9
2734,42.6,205.9
2735,42.6,205.9
2736,42.6,205.9
2737,40.6,204
2738,40.6,204
2739,40.6,204
2740,40.6,204
2741,40.6,204
2742,40.6,204
2743,40.6,204
2744,40.6,204
2745,40.6,204
2746,40.6,204
2747,40.6,204
2748,40.6,204
2749,40.6,204
2750,40.6,204
2751,40.6,204
2752,40.6,204
2753,40.9,203.3
2754,40.9,203.3
2755,40.9,203.3
2756,40.7,200.2
2757,40.7,200.2
2758,40.7,200.2
2759,40.7,200.2
2760,40.7,200.2
2761,40.7,200.2
2762,40.7,200.2
2763,40.7,200.2
2764,40.7,200.2
2765,40.7,200.2
2766,40.7,200.2
2767,40.7,200.2
2768,40.7,200.2
2769,40.7,200.2
2770,40.5,197.7
2771,40.5,197.7
2772,40.5,197.7
2773,40.5,197.7
2774,40.5,197.7
2775,40.5,197.7
2776,40.5,197.7
2777,40.5,197.7
2778,40.5,197.7
2779,40.5,197.7
2780,40.5,197.7
2781,41.4,191.5
2782,41.4,191.5
2783,41.4,191.5
2784,41.4,191.5
2785,41.4,191.5
2786,41.4,191.5
2787,41.4,191.5
2788,41.4,191.5
2789,41.4,191.5
2790,41.4,191.5
2791,41.4,191.5
2792,41.4,191.5
2793,41.4,191.5
2794,43,190.7
2795,43,190.7
2796,43,190.7
2797,43,190.7
2798,43,190.7
2799,43,190.7
2800,43,190.7
2801,43,190.7
2802,43,190.7
2803,44,189.8
2804,44,189.8
2805,44,189.8
2806,44,189.8
2807,44,189.8
2808,44,189.8
2809,44,189.8
2810,44,189.8
2811,44,189.8
2812,44,189.8
2813,44,189.8
2814,44,189.8
2815,44,189.8
2816,44,189.8
2817,44,189.8
2818,44,189.8
2819,44,189.8
2820,44,189.8
2821,44,189.8
2822,44,189.8
2823,44,189.8
2824,44,189.8
2825,44,189.8
2826,44,189.8
2827,44,189.8
2828,44,189.8
2829,44,189.8
2830,44,189.8
2831,44,189.8
2832,44,189.8
2833,44,189.8
2834,44,189.8
2835,44,189.8
2836,44,189.8
2837,44,189.8
2838,44,189.8
2839,44,189.8
2840,44,189.8
2841,44,189.8
2842,44,189.8
2843,41.8,185.4
2844,41.8,185.4
2845,41.8,185.4
2846,41.8,185.4
2847,41.8,185.4
2848,41.8,185.4
2849,41.8,185.4
2850,41.8,185.4
2851,41.8,185.4
2852,41.8,185.4
2853,41.8,185.4
2854,41.8,185.4
2855,41.8,185.4
2856,41.8,185.4
2857,41.8,185.4
2858,41.8,185.4
2859,41.8,185.4
2860,41.8,185.4
2861,41.8,185.4
2862,41.8,185.4
2863,41.8,185.4
2864,41.8,185.4
2865,41.8,185.4
2866,41.8,185.4
2867,41.8,185.4
2868,41.8,185.4
2869,41.8,185.4
2870,41.8,185.4
2871,41.8,185.4
2872,41.8,185.4
2873,41.8,185.4
2874,41.8,185.4
2875,41.8,185.4
2876,41.8,185.4
2877,41.8,185.4
2878,41.8,185.4
2879,41.8,185.4
2880,41.3,179.1
2881,41.3,179.1
2882,41.3,179.1
2883,41.3,179.1
2884,41.3,179.1
2885,41.3,179.1
2886,41.3,179.1
2887,41.3,179.1
2888,41.3,179.1
2889,41.3,179.1
2890,41.3,179.1
2891,41.3,179.1
2892,41.3,179.1
2893,41.3,179.1
2894,41.3,179.1
2895,41.3,179.1
2896,41.3,179.1
2897,41.3,179.1
2898,41.3,179.1
2899,41.3,179.1
2900,41.3,179.1
2901,41.3,179.1
2902,41.3,179.1
2903,41.3,179.1
2904,41.3,179.1
2905,41.3,179.1
2906,41.3,179.1
2907,41.3,179.1
2908,41.3,179.1
2909,41.3,179.1
2910,41.3,179.1
2911,41.3,179.1
2912,41.3,179.1
2913,41.3,179.1
2914,41.3,179.1
2915,41.3,179.1
2916,41.3,179.1
2917,44.5,177.3
2918,44.5,177.3
2919,44.5,177.3
2920,44.5,177.3
2921,44.5,177.3
2922,44.5,177.3
2923,44.5,177.3
2924,44.5,177.3
2925,44.5,177.3
2926,44.5,177.3
2927,44.5,177.3
2928,44.5,177.3
2929,44.5,177.3
2930,44.5,177.3
2931,44.5,177.3
2932,44.5,177.3
2933,44.5,177.3
2934,44.5,177.3
2935,44.5,177.3
2936,44.5,177.3
2937,44.5,177.3
2938,44.5,177.3
2939,44.5,177.3
2940,44.5,177.3
2941,44.5,177.3
2942,44.5,177.3
2943,44.5,177.3
2944,44.5,177.3
2945,44.5,177.3
2946,44.5,177.3
2947,44.5,177.3
2948,44.5,177.3
2949,43,177.2
2950,43,177.2
2951,43,177.2
2952,43,177.2
2953,43,177.2
2954,43,177.2
2955,43,177.2
2956,43,177.2
2957,43,177.2
2958,43,177.2
2959,43,177.2
2960,43,177.2
2961,43,177.2
2962,43,177.2
2963,43,177.2
2964,43,177.2
2965,43,177.2
2966,43,177.2
2967,43,177.2
2968,43,177.2
2969,43,177.2
2970,43,177.2
2971,43,177.2
2972,43,177.2
2973,43,177.2
2974,43,177.2
2975,43,177.2
2976,43,177.2
2977,43,177.2
2978,43,177.2
2979,43,177.2
2980,43,177.2
2981,43,177.2
2982,43,177.2
2983,43,177.2
2984,43,177.2
2985,43,177.2
2986,43,177.2
2987,43,177.2
2988,43,177.2
2989,43,177.2
2990,43,177.2
2991,43,177.2
2992,43,177.2
2993,42.4,173.9
2994,42.4,173.9
2995,42.4,173.9
2996,42.4,173.9
2997,42.4,173.9
2998,42.4,173.9
2999,42.4,173.9
3000,42.4,173.9
3001,42.4,173.9
3002,42.4,173.9
3003,42.4,173.9
3004,42.4,173.9
3005,42.4,173.9
3006,42.4,173.9
3007,42.4,173.9
3008,42.4,173.9
3009,42.4,173.9
3010,42.4,173.9
3011,42.4,173.9
3012,42.4,173.9
3013,42.4,173.9
3014,43.3,173.8
3015,43.3,173.8
3016,43.3,173.8
3017,43.3,173.8
3018,43.3,173.8
3019,43.3,173.8
3020,43.3,173.8
3021,43.3,173.8
3022,43.3,173.8
3023,43.3,173.8
3024,43.3,173.8
3025,43.3,173.8
3026,43.3,173.8
3027,43.3,173.8
3028,43.3,173.8
3029,43.3,173.8
3030,43.3,173.8
3031,43.3,173.8
3032,43.3,173.8
3033,43.3,173.8
3034,43.3,173.8
3035,43.3,173.8
3036,43.3,173.8
3037,43.3,173.8
3038,43.3,173.8
3039,43.3,173.8
3040,45.9,171.6
3041,45.9,171.6
3042,45.9,171.6
3043,45.9,171.6
3044,45.9,171.6
3045,45.9,171.6
3046,45.9,171.6
3047,45.9,171.6
3048,45.9,171.6
3049,45.9,171.6
3050,45.9,171.6
3051,45.9,171.6
3052,45.9,171.6
3053,45.9,171.6
3054,45.9,171.6
3055,45.9,171.6
3056,45.9,171.6
3057,45.9,171.6
3058,45.9,171.6
3059,45.9,171.6
3060,45.9,171.6
3061,45.9,171.6
3062,45.9,171.6
3063,45.9,171.6
3064,45.9,171.6
3065,45.9,171.6
3066,45.9,171.6
3067,45.9,171.6
3068,45.9,171.6
3069,45.9,171.6
3070,45.9,171.6
3071,45.9,171.6
3072,45.9,171.6
3073,45.9,171.6
3074,45.9,171.6
3075,45.9,171.6
3076,45.9,171.6
3077,45.9,171.6
3078,45.9,171.6
3079,45.9,171.6
3080,45.9,171.6
3081,45.9,171.6
3082,45.9,171.6
3083,45.9,171.6
3084,46.9,171.8
3085,46.9,171.8
3086,46.9,171.8
3087,46.9,171.8
3088,46.9,171.8
3089,46.9,171.8
3090,46.9,171.8
3091,46.9,171.8
3092,46.9,171.8
3093,46.9,171.8
3094,46.9,171.8
3095,46.9,171.8
3096,46.9,171.8
3097,46.9,171.8
3098,46.9,171.8
3099,46.9,171.8
3100,46.9,171.8
3101,46.9,171.8
3102,46.9,171.8
3103,46.9,171.8
3104,46.9,171.8
3105,46.9,171.8
3106,46.9,171.8
3107,46.9,171.8
3108,46.9,171.8
3109,46.9,171.8
3110,46.9,171.8
3111,46.9,171.8
3112,46.9,171.8
3113,46.9,171.8
3114,46.9,171.8
3115,49.5,168.5
3116,49.5,168.5
3117,49.5,168.5
3118,49.5,168.5
3119,49.5,168.5
3120,49.5,168.5
3121,49.5,168.5
3122,49.5,168.5
3123,49.5,168.5
3124,49.5,168.5
3125,49.5,168.5
3126,49.5,168.5
3127,49.5,168.5
3128,49.5,168.5
3129,49.5,168.5
3130,49.5,168.5
3131,49.5,168.5
3132,49.5,168.5
3133,49.5,168.5
3134,49.5,168.5
3135,49.5,168.5
3136,49.5,168.5
3137,49.5,168.5
3138,49.5,168.5
3139,49.5,168.5
3140,49.5,168.5
3141,49.5,168.5
3142,49.5,168.5
3143,49.5,168.5
3144,49.5,168.5
3145,49.5,168.5
3146,49.5,168.5
3147,49.5,168.5
3148,49.5,168.5
3149,49.5,168.5
3150,53.6,168.1
3151,53.6,168.1
3152,53.6,168.1
3153,53.6,168.1
3154,53.6,168.1
3155,53.6,168.1
3156,53.6,168.1
3157,53.6,168.1
3158,53.4,163.2
3159,53.4,163.2
3160,53.4,163.2
3161,53.4,163.2
3162,53.4,163.2
3163,53.4,163.2
3164,53.4,163.2
3165,53.4,163.2
3166,53.4,163.2
3167,53.4,163.2
3168,53.4,163.2
3169,53.4,163.2
3170,53.4,163.2
3171,53.4,163.2
3172,53.4,163.2
3173,53.4,163.2
3174,53.4,163.2
3175,53.4,163.2
3176,53.4,163.2
3177,53.4,163.2
3178,53.9,163.3
3179,53.9,163.3
3180,53.9,163.3
3181,53.9,163.3
3182,53.9,163.3
3183,53.9,163.3
3184,53.9,163.3
3185,53.9,163.3
3186,53.9,163.3
3187,53.9,163.3
3188,53.9,163.3
3189,53.9,163.3
3190,53.9,163.3
3191,53.9,163.3
3192,53.9,163.3
3193,53.9,163.3
3194,53.9,163.3
3195,53.9,163.3
3196,53.9,163.3
3197,53.9,163.3
3198,53.9,163.3
3199,53.9,163.3
3200,53.9,163.3
3201,53.9,163.3
3202,53.9,163.3
3203,53.9,163.3
3204,53.9,163.3
3205,53.9,163.3
3206,53.9,163.3
3207,53.9,163.3
3208,53.9,163.3
3209,53.9,163.3
3210,53.9,163.3
3211,53.9,163.3
3212,53.9,163.3
3213,53.9,163.3
3214,53.9,163.3
3215,53.9,163.3
3216,53.9,163.3
3217,53.9,163.3
3218,53.9,163.3
3219,53.9,163.3
3220,53.9,163.3
3221,53.9,163.3
3222,53.9,163.3
3223,53.9,163.3
3224,53.9,163.3
3225,52.5,157.3
3226,52.5,157.3
3227,52.5,157.3
3228,52.5,157.3
3229,53.5,156.5
3230,53.5,156.5
3231,53.5,156.5
3232,53.5,156.5
3233,53.5,156.5
3234,53.5,156.5
3235,53.5,156.5
3236,53.5,156.5
3237,53.5,156.5
3238,53.5,156.5
3239,53.5,156.5
3240,53.5,156.5
3241,53.5,156.5
3242,53.5,156.5
3243,53.5,156.5
3244,53.5,156.5
3245,53.5,156.5
3246,53.5,156.5
3247,53.5,156.5
3248,53.5,156.5
3249,53.5,156.5
3250,53.5,156.5
3251,53.5,156.5
3252,53.5,156.5
3253,53.5,156.5
3254,56.6,157.6
3255,56.6,157.6
3256,56.6,157.6
3257,56.6,157.6
3258,56.6,157.6
3259,56.6,157.6
3260,56.6,157.6
3261,56.6,157.6
3262,56.6,157.6
3263,56.6,157.6
3264,56.6,157.6
3265,56.6,157.6
3266,56.6,157.6
3267,56.6,157.6
3268,56.6,157.6
3269,56.6,157.6
3270,56.6,157.6
3271,56.6,157.6
3272,56.6,157.6
3273,56.6,157.6
3274,56.6,157.6
3275,56.6,157.6
3276,56.6,157.6
3277,56.6,157.6
3278,56.6,157.6
3279,56.6,157.6
3280,56.6,157.6
3281,56.6,157.6
3282,56.6,157.6
3283,56.6,157.6
3284,56.6,157.6
3285,56.6,157.6
3286,56.6,157.6
3287,56.6,157.6
3288,56.6,157.6
3289,56.6,157.6
3290,56.6,157.6
3291,56.6,157.6
3292,58.6,157.7
3293,58.6,157.7
3294,58.6,157.7
3295,58.6,157.7
3296,58.6,157.7
3297,58.6,157.7
3298,58.6,157.7
3299,58.6,157.7
3300,58.6,157.7
3301,58.6,157.7
3302,58.6,157.7
3303,58.6,157.7
3304,58.6,157.7
3305,58.6,157.7
3306,58.6,157.7
3307,58.6,157.7
3308,58.6,157.7
3309,58.6,157.7
3310,58.6,157.7
3311,58.6,157.7
3312,58.6,157.7
3313,58.6,157.7
3314,58.6,157.7
3315,58.6,157.7
3316,58.6,157.7
3317,58.6,157.7
3318,58.6,157.7
3319,58.6,157.7
3320,59.4,156.7
3321,59.4,156.7
3322,59.4,156.7
3323,59.4,156.7
3324,59.4,156.7
3325,59.4,156.7
3326,59.4,156.7
3327,59.4,156.7
3328,59.4,156.7
3329,59.4,156.7
3330,59.4,156.7
3331,59.4,156.7
3332,59.4,156.7
3333,61,151.9
3334,61,151.9
3335,61,151.9
3336,61,151.9
3337,61,151.9
3338,61,151.9
3339,61,151.9
3340,61,151.9
3341,61,151.9
3342,61,151.9
3343,61,151.9
3344,61,151.9
3345,61,151.9
3346,61,151.9
3347,61,151.9
3348,61,151.9
3349,61,151.9
3350,61,151.9
3351,61,151.9
3352,61,151.9
3353,61,151.9
3354,61,151.9
3355,60.6,150.6
3356,60.6,150.6
3357,60.6,150.6
3358,60.6,150.6
3359,60.6,150.6
3360,60.6,150.6
3361,60.6,150.6
3362,60.6,150.6
3363,60.6,150.6
3364,60.6,150.6
3365,60.6,150.6
3366,60.6,150.6
3367,60.6,150.6
3368,59.9,145.9
3369,59.9,145.9
3370,59.9,145.9
3371,59.9,145.9
3372,59.9,145.9
3373,59.9,145.9
3374,59.9,145.9
3375,59.9,145.9
3376,59.9,145.9
3377,59.9,145.9
3378,59.9,145.9
3379,59.9,145.9
3380,59.9,145.9
3381,59.9,145.9
3382,59.9,145.9
3383,59.9,145.9
3384,59.9,145.9
3385,59.9,145.9
3386,59.9,145.9
3387,59.9,145.9
3388,59.9,145.9
3389,59.9,145.9
3390,59.9,145.9
3391,59.9,145.9
3392,59.9,145.9
3393,59.9,145.9
3394,59.9,145.9
3395,59.9,145.9
3396,60.8,144
3397,60.8,144
3398,60.8,144
3399,60.8,144
3400,60.8,144
3401,60.8,144
3402,60.8,144
3403,60.8,144
3404,60.8,144
3405,60.8,144
3406,60.8,144
3407,60.8,144
3408,60.8,144
3409,60.8,144
3410,60.8,144
3411,60.8,144
3412,60.8,144
3413,60.8,144
3414,60.8,144
3415,60.8,144
3416,60.8,144
3417,60.8,144
3418,60.8,144
3419,60.8,144
3420,60.8,144
3421,60.8,144
3422,60.8,144
3423,60.8,144
3424,60.8,144
3425,60.8,144
3426,60.8,144
3427,60.8,144
3428,60.8,144
3429,60.8,144
3430,60.8,144
3431,60.8,144
3432,60.8,144
3433,60.8,144
3434,60.8,144
3435,60.8,144
3436,60.8,144
3437,60.8,144
3438,60.8,144
3439,60.8,144
3440,60.8,144
3441,60.8,144
3442,60.8,144
3443,64.6,142
3444,64.6,142
3445,64.6,142
3446,64.6,142
3447,64.6,142
3448,64.6,142
3449,64.6,142
3450,64.6,142
3451,64.6,142
3452,64.6,142
3453,64.6,142
3454,64.6,142
3455,64.6,142
3456,64.6,142
3457,64.6,142
3458,64.6,142
3459,64.6,142
3460,64.6,142
3461,64.6,142
3462,64.6,142
3463,64.6,142
3464,64.6,142
3465,64.6,142
3466,64.6,142
3467,64.6,142
3468,64.6,142
3469,64.6,142
3470,64.6,142
3471,64.6,142
3472,64.6,142
3473,64.6,142
3474,64.6,142
3475,64.6,142
3476,64.6,142
3477,64.6,142
3478,64.6,142
3479,64.6,142
3480,64.6,142
3481,64.6,142
3482,64.6,142
3483,64.6,142
3484,64.6,142
3485,64.6,142
3486,64.6,142
3487,64.6,142
3488,65.2,142.5
3489,65.2,142.5
3490,65.2,142.5
3491,65.2,142.5
3492,65.2,142.5
3493,65.2,142.5
3494,65.2,142.5
3495,65.2,142.5
3496,65.2,142.5
3497,65.2,142.5
3498,65.2,142.5
3499,65.2,142.5
3500,65.2,142.5
3501,65.2,142.5
3502,65.2,142.5
3503,65.2,142.5
3504,65.2,142.5
3505,65.2,142.5
3506,65.2,142.5
3507,65.2,142.5
3508,65.2,142.5
3509,65.2,142.5
3510,65.2,142.5
3511,65.2,142.5
3512,66.9,142.2
3513,66.9,142.2
3514,66.9,142.2
3515,66.9,142.2
3516,66.9,142.2
3517,66.9,142.2
3518,66.9,142.2
3519,66.9,142.2
3520,66.9,142.2
3521,66.9,142.2
3522,66.9,142.2
3523,66.9,142.2
3524,66.9,142.2
3525,66.9,142.2
3526,66.9,142.2
3527,66.9,142.2
3528,66.9,142.2
3529,66.9,142.2
3530,66.9,142.2
3531,66.9,142.2
3532,66.9,142.2
3533,66.9,142.2
3534,66.9,142.2
3535,66.9,142.2
3536,66.9,142.2
3537,66.9,142.2
3538,66.9,142.2
3539,66.9,142.2
3540,66.9,142.2
3541,66.9,142.2
3542,66.9,142.2
3543,66.9,142.2
3544,66.9,142.2
3545,66.9,142.2
3546,66.9,142.2
3547,66.9,142.2
3548,66.9,142.2
3549,66.9,142.2
3550,66.9,142.2
3551,66.9,142.2
3552,66.9,142.2
3553,66.9,142.2
3554,66.9,142.2
3555,66.9,142.2
3556,66.9,142.2
3557,64.2,140.6
3558,64.2,140.6
3559,64.2,140.6
3560,64.2,140.6
3561,64.2,140.6
3562,64.2,140.6
3563,64.2,140.6
3564,64.2,140.6
3565,64.2,140.6
3566,64.2,140.6
3567,64.2,140.6
3568,64.2,140.6
3569,64.2,140.6
3570,64.2,140.6
3571,64.2,140.6
3572,64.2,140.6
3573,64.2,140.6
3574,64.2,140.6
3575,64.2,140.6
3576,64.2,140.6
3577,64.2,140.6
3578,64.2,140.6
3579,64.2,140.6
3580,62.3,133
3581,62.3,133
3582,62.3,133
3583,62.3,133
3584,62.3,133
3585,62.3,133
3586,62.3,133
3587,62.3,133
3588,62.3,133
3589,62.3,133
3590,62.3,133
3591,62.3,133
3592,62.3,133
3593,62.4,133.2
3594,62.4,133.2
3595,62.4,133.2
3596,62.4,133.2
3597,62.4,133.2
3598,62.4,133.2
3599,62.4,133.2
3600,62.5,133.3
